text,canonical_form_1,category_1,severity_rating,severity_description
69,69,sexual anatomy / sexual acts,1,mild
@55,ass,sexual anatomy / sexual acts,1,mild
@ssfcker,fuck,sexual anatomy / sexual acts,2.8,severe
@ssfucker,fuck,sexual anatomy / sexual acts,2.8,severe
@ssfvcker,fuck,sexual anatomy / sexual acts,2.4,strong
@sshole,ass,sexual anatomy / sexual acts,1.6,strong
0ral seks,sex,sexual anatomy / sexual acts,1,mild
0ral sex,sex,sexual anatomy / sexual acts,1.8,strong
0rg@sm,orgasm,sexual anatomy / sexual acts,1,mild
0rgasms,orgasm,sexual anatomy / sexual acts,1,mild
3jakulating,ejaculation,sexual anatomy / sexual acts,1.6,strong
4r5e,arse,sexual anatomy / sexual acts,1.4,mild
4r5ed,arse,sexual anatomy / sexual acts,1.4,mild
4r5es,arse,sexual anatomy / sexual acts,1.4,mild
4skin,foreskin,sexual anatomy / sexual acts,1,mild
5h17,shit,bodily fluids / excrement,1,mild
5h1t,shit,bodily fluids / excrement,1,mild
5kank,skank,sexual orientation / gender,2,strong
a_s_s,ass,sexual anatomy / sexual acts,1,mild
abbie,abraham,racial / ethnic slurs,1.2,mild
abeed,abeed,racial / ethnic slurs,1.8,strong
aboe,abo,racial / ethnic slurs,1,mild
anal,anal,sexual anatomy / sexual acts,1,mild
anal hole,anal,sexual anatomy / sexual acts,2.2,strong
anal hore,anal,sexual anatomy / sexual acts,2.4,strong
anal pirate,anal,sexual anatomy / sexual acts,2.2,strong
analingus,anal,sexual anatomy / sexual acts,1.6,strong
analplug,anal,sexual anatomy / sexual acts,2.2,strong
analplugs,anal,sexual anatomy / sexual acts,2,strong
anilingus,anal,sexual anatomy / sexual acts,1.8,strong
animal fucker,fuck,sexual anatomy / sexual acts,3,severe
anus,anus,sexual anatomy / sexual acts,1,mild
anus plug,anus,sexual anatomy / sexual acts,2,strong
ape shit,ape,bodily fluids / excrement,1.6,strong
ape shite,ape,bodily fluids / excrement,1.6,strong
apeshit,ape,bodily fluids / excrement,1.4,mild
apeshite,ape,bodily fluids / excrement,1.4,mild
ar5e,arse,sexual anatomy / sexual acts,1,mild
ar5ehole,arse,sexual anatomy / sexual acts,1.4,mild
arse,arse,sexual anatomy / sexual acts,1,mild
arse gobbler,arse,sexual anatomy / sexual acts,2,strong
arse hole,arse,sexual anatomy / sexual acts,1.2,mild
arse-bandit,arse,sexual orientation / gender,2,strong
arse-bandits,arse,sexual anatomy / sexual acts,2.2,strong
arse-fucker,fuck,sexual anatomy / sexual acts,2.6,severe
arse-fuckers,fuck,sexual anatomy / sexual acts,2.6,severe
arse-hole,arse,sexual anatomy / sexual acts,1.8,strong
arse-shagger,arse,sexual anatomy / sexual acts,2.4,strong
arsefuck,fuck,sexual anatomy / sexual acts,2.8,severe
arsefucker,fuck,sexual anatomy / sexual acts,2.6,severe
arsehole,arse,sexual anatomy / sexual acts,1.4,mild
arseshit,arse,sexual anatomy / sexual acts,1.8,strong
arsewipe,arse,sexual anatomy / sexual acts,1.4,mild
ashole,ass,sexual anatomy / sexual acts,1.6,strong
ass,ass,sexual anatomy / sexual acts,1,mild
ass bandit,ass,sexual anatomy / sexual acts,1.6,strong
ass eating boiolas,ass,sexual anatomy / sexual acts,2.8,severe
ass eating nob jokeys,ass,sexual anatomy / sexual acts,2.8,severe
ass fecker,fuck,sexual anatomy / sexual acts,2.6,severe
ass fuck,fuck,sexual anatomy / sexual acts,2.8,severe
ass fucker,fuck,sexual anatomy / sexual acts,2.6,severe
ass fucking boiolas,fuck,sexual anatomy / sexual acts,2.6,severe
ass fucking nob jokeys,fuck,sexual anatomy / sexual acts,2.6,severe
ass hole,ass,sexual anatomy / sexual acts,1.2,mild
ass kisser,ass,sexual anatomy / sexual acts,1.2,mild
ass licking,ass,sexual anatomy / sexual acts,1.6,strong
ass muncher,ass,sexual anatomy / sexual acts,2.2,strong
ass-bandit,ass,sexual anatomy / sexual acts,1.8,strong
ass-fucker,fuck,sexual anatomy / sexual acts,2.8,severe
ass-fuckers,fuck,sexual anatomy / sexual acts,2.6,severe
ass-hole,ass,sexual anatomy / sexual acts,2,strong
asses,ass,sexual anatomy / sexual acts,1,mild
assface,ass,sexual anatomy / sexual acts,1.6,strong
assfck,ass,sexual anatomy / sexual acts,2.6,severe
assfcker,ass,sexual anatomy / sexual acts,2.8,severe
assfk,ass,sexual anatomy / sexual acts,2.2,strong
assfkcer,ass,sexual anatomy / sexual acts,2.6,severe
assfker,ass,sexual anatomy / sexual acts,2.2,strong
assfkr,ass,sexual anatomy / sexual acts,2.2,strong
assfook,ass,sexual anatomy / sexual acts,2.6,severe
assfuccer,ass,sexual anatomy / sexual acts,2.2,strong
assfuck,fuck,sexual anatomy / sexual acts,2.6,severe
assfuck3r,fuck,sexual anatomy / sexual acts,2.8,severe
assfucker,fuck,sexual anatomy / sexual acts,2.8,severe
assfuckers,fuck,sexual anatomy / sexual acts,2.8,severe
assfuckerz,fuck,sexual anatomy / sexual acts,2.4,strong
assfukah,fuck,sexual anatomy / sexual acts,2.4,strong
assfukka,fuck,sexual anatomy / sexual acts,2.8,severe
assfukker,fuck,sexual anatomy / sexual acts,2.6,severe
assfukkerz,fuck,sexual anatomy / sexual acts,2.8,severe
assfvck3r,fuck,sexual anatomy / sexual acts,3,severe
assfvcker,fuck,sexual anatomy / sexual acts,2.6,severe
asshat,ass,sexual anatomy / sexual acts,1.2,mild
asshol3,ass,sexual anatomy / sexual acts,1.8,strong
asshole,ass,sexual anatomy / sexual acts,1.2,mild
asshole fucker,fuck,sexual anatomy / sexual acts,2.6,severe
assholes,ass,sexual anatomy / sexual acts,1.6,strong
assmunch,ass,sexual anatomy / sexual acts,1.8,strong
assmuncher,ass,sexual anatomy / sexual acts,2.2,strong
asswhole,ass,sexual anatomy / sexual acts,1.4,mild
asswipe,ass,sexual anatomy / sexual acts,1.6,strong
axe wound,wound,sexual anatomy / sexual acts,1.2,mild
azz,ass,sexual anatomy / sexual acts,1,mild
azzhole,ass,sexual anatomy / sexual acts,1.6,strong
b to the inch,bitch,sexual orientation / gender,1.2,mild
b!tch,bitch,sexual orientation / gender,1.4,mild
b00bz,boobs,sexual anatomy / sexual acts,1,mild
b0llock,bollocks,sexual anatomy / sexual acts,1,mild
b0llocks,bollocks,sexual anatomy / sexual acts,1.2,mild
b1+ch,bitch,sexual orientation / gender,1,mild
b17ch,bitch,sexual orientation / gender,1.4,mild
b1otch,bitch,sexual orientation / gender,1.4,mild
b1otchs,bitch,sexual orientation / gender,1.2,mild
b1tch,bitch,sexual orientation / gender,1.4,mild
b1tch1ng,bitch,sexual orientation / gender,1.2,mild
b1tch35,bitch,sexual orientation / gender,1,mild
b1tch3s,bitch,sexual orientation / gender,1.4,mild
b1tchees,bitch,sexual orientation / gender,1.4,mild
b1tches,bitch,sexual orientation / gender,1.4,mild
b1tchez,bitch,sexual orientation / gender,1.2,mild
b1tchin,bitch,other / general insult,1.2,mild
b1tching,bitch,sexual orientation / gender,1.2,mild
b1tchs,bitch,sexual orientation / gender,1.4,mild
b1tchy,bitch,sexual orientation / gender,1.2,mild
baby batter,baby batter,bodily fluids / excrement,1.4,mild
ballbag,bollocks,sexual anatomy / sexual acts,1,mild
bangbros,bang,sexual anatomy / sexual acts,1.6,strong
bassturd,bastard,other / general insult,1.2,mild
bastard,bastard,other / general insult,1.2,mild
bastardish,bastard,other / general insult,1,mild
bastards,bastard,other / general insult,1.6,strong
basterd,bastard,other / general insult,1,mild
bastid,bastard,other / general insult,1.2,mild
bastinado,bastard,other / general insult,1.8,strong
basturd,bastard,bodily fluids / excrement,1.2,mild
bater,masturbate,sexual anatomy / sexual acts,1.6,strong
bates,masturbate,sexual anatomy / sexual acts,1,mild
batshit,shit,bodily fluids / excrement,1,mild
batshite,shit,bodily fluids / excrement,1.2,mild
bbc,cock,sexual anatomy / sexual acts,1.4,mild
bean queen,bean queen,racial / ethnic slurs,2.2,strong
beaner,beaner,racial / ethnic slurs,2.6,severe
beaners,beaner,racial / ethnic slurs,2.6,severe
beat my meat,meat,sexual anatomy / sexual acts,1.2,mild
beat off,beat off,sexual anatomy / sexual acts,1.2,mild
beat the meat,meat,sexual anatomy / sexual acts,1.4,mild
beat your meat,meat,sexual anatomy / sexual acts,1.4,mild
beeotch,bitch,sexual orientation / gender,1,mild
bell end,bellend,mental disability,1,mild
bellend,bellend,sexual anatomy / sexual acts,1.2,mild
bender,bender,sexual orientation / gender,1.6,strong
bewbs,boobs,sexual anatomy / sexual acts,1,mild
beyoch,bitch,sexual orientation / gender,1.2,mild
beyotch,bitch,other / general insult,1.2,mild
bi + ch,bitch,sexual orientation / gender,1.2,mild
bi+ch,bitch,sexual orientation / gender,1.4,mild
biatch,bitch,sexual orientation / gender,1.2,mild
biches,bitch,sexual orientation / gender,1.4,mild
biotch,bitch,sexual orientation / gender,1,mild
biotches,bitch,sexual orientation / gender,1.2,mild
biotchez,bitch,sexual orientation / gender,1.4,mild
bishes,bitch,sexual orientation / gender,1.2,mild
bitch,bitch,sexual orientation / gender,1.4,mild
bitch3s,bitch,sexual orientation / gender,1.2,mild
bitchass,bitch,sexual orientation / gender,1.6,strong
bitchasses,bitch,sexual anatomy / sexual acts,1.8,strong
bitched,bitch,sexual orientation / gender,1.2,mild
bitcher,bitch,sexual orientation / gender,1.4,mild
bitchers,bitch,sexual orientation / gender,1.4,mild
bitches,bitch,sexual orientation / gender,1.6,strong
bitchez,bitch,sexual orientation / gender,1.4,mild
bitchfuck,fuck,sexual anatomy / sexual acts,2.4,strong
bitchhole,bitch,sexual anatomy / sexual acts,2.4,strong
bitchin,bitch,other / general insult,1.2,mild
bitchin',bitch,other / general insult,1,mild
bitching,bitch,sexual orientation / gender,1,mild
bitchlike,bitch,sexual orientation / gender,1.2,mild
bitchness,bitch,sexual orientation / gender,1.6,strong
bitchs,bitch,sexual orientation / gender,1,mild
bitchslap,bitch,sexual orientation / gender,1,mild
bitchtits,bitch,sexual anatomy / sexual acts,2.2,strong
bitchy,bitch,sexual orientation / gender,1.2,mild
bitchy ass,bitch,sexual anatomy / sexual acts,1.8,strong
bizzach,bitch,sexual orientation / gender,1.6,strong
bj,blowjob,sexual anatomy / sexual acts,1.6,strong
blacky,blacky,racial / ethnic slurs,2.4,strong
blow a load,blow a load,bodily fluids / excrement,1.6,strong
blow job,blowjob,sexual anatomy / sexual acts,2,strong
blowjob,blowjob,sexual anatomy / sexual acts,1.2,mild
blumpkin boy,blumpkin,sexual anatomy / sexual acts,2.4,strong
boll0ck,bollocks,sexual anatomy / sexual acts,1,mild
bollock,bollocks,sexual anatomy / sexual acts,1,mild
bollockchops,bollocks,sexual anatomy / sexual acts,1.2,mild
bollocks,bollocks,sexual anatomy / sexual acts,1.2,mild
bollocktician,bollocks,sexual anatomy / sexual acts,1.4,mild
bollox,bollocks,sexual anatomy / sexual acts,1,mild
bondage,bondage,sexual anatomy / sexual acts,1,mild
boner,boner,sexual anatomy / sexual acts,1,mild
bonk juice,bonk,bodily fluids / excrement,1.6,strong
boobs,boobs,sexual anatomy / sexual acts,1,mild
booty,booty,sexual anatomy / sexual acts,1,mild
breasticles,breast,sexual anatomy / sexual acts,1.4,mild
breasts,breast,sexual anatomy / sexual acts,1,mild
bugger,bugger,sexual anatomy / sexual acts,1.2,mild
bugger off,bugger,sexual anatomy / sexual acts,1,mild
bull shit,shit,bodily fluids / excrement,1,mild
bullshi,shit,bodily fluids / excrement,1,mild
bullshit,shit,bodily fluids / excrement,1.2,mild
bullshite,shit,bodily fluids / excrement,1,mild
bum-bandits,bum,sexual orientation / gender,1.8,strong
bum-driller,bum,sexual anatomy / sexual acts,2.8,severe
bumhole,bum,sexual anatomy / sexual acts,1,mild
bung hole,bung,sexual anatomy / sexual acts,1,mild
butt fuck,fuck,sexual anatomy / sexual acts,2.2,strong
butt fucker,fuck,sexual anatomy / sexual acts,3,severe
butt hole,butt,sexual anatomy / sexual acts,1,mild
butt pirate,butt,sexual orientation / gender,2.2,strong
butt-fucker,fuck,sexual anatomy / sexual acts,2.2,strong
butt-fuckers,fuck,sexual anatomy / sexual acts,2.8,severe
butt-fucking-bandit,fuck,sexual anatomy / sexual acts,2.6,severe
butt-munchers,butt,sexual anatomy / sexual acts,2,strong
buttermilk,buttermilk,racial / ethnic slurs,1.4,mild
buttfuck,fuck,sexual anatomy / sexual acts,2.2,strong
buttfucker,fuck,sexual anatomy / sexual acts,3,severe
buttfuckers,fuck,sexual anatomy / sexual acts,3,severe
butthole,butt,sexual anatomy / sexual acts,1.2,mild
butthole boy,butt,sexual anatomy / sexual acts,2.6,severe
bwc,cock,sexual anatomy / sexual acts,1.4,mild
c*nt,cunt,sexual anatomy / sexual acts,3,severe
c*ntface,cunt,sexual anatomy / sexual acts,3,severe
c*nts,cunt,sexual orientation / gender,2.8,severe
c*nty,cunt,sexual anatomy / sexual acts,2.8,severe
c00n,coon,racial / ethnic slurs,2.8,severe
c00nies,coon,racial / ethnic slurs,2.6,severe
c0ck,cock,sexual anatomy / sexual acts,1.2,mild
c0ckhead,cock,sexual anatomy / sexual acts,2,strong
c0cks,cock,sexual anatomy / sexual acts,1.6,strong
c0cksuccer,cock,sexual anatomy / sexual acts,2,strong
c0cksucked,cock,sexual anatomy / sexual acts,2,strong
c0cksucker,cock,sexual anatomy / sexual acts,2.2,strong
c0cksuckers,cock,sexual anatomy / sexual acts,2.2,strong
c0x,cock,sexual anatomy / sexual acts,1.4,mild
c0xux0r,cock,sexual anatomy / sexual acts,1.8,strong
caaak,cock,sexual anatomy / sexual acts,1.4,mild
caca,shit,bodily fluids / excrement,1,mild
cack,cock,bodily fluids / excrement,1.2,mild
cagone,cojones,bodily fluids / excrement,1.2,mild
cajones,cojones,sexual anatomy / sexual acts,1,mild
camel jockey,camel jockey,racial / ethnic slurs,2.8,severe
cameltoe,cameltoe,sexual anatomy / sexual acts,1.2,mild
carpet muncher,carpet muncher,sexual anatomy / sexual acts,2.4,strong
carpetmuncher,carpet muncher,sexual anatomy / sexual acts,2.6,severe
carpetmunchers,carpet muncher,sexual orientation / gender,2.2,strong
carpetmunching,carpet muncher,sexual anatomy / sexual acts,1.6,strong
cawk,cock,sexual anatomy / sexual acts,1.4,mild
cawk muncher,cock,sexual anatomy / sexual acts,2.4,strong
cawkmuncher,cock,sexual anatomy / sexual acts,2.2,strong
cawks,cock,sexual anatomy / sexual acts,1.2,mild
cawksucker,cock,sexual anatomy / sexual acts,2.6,severe
ch1nk,chink,racial / ethnic slurs,3,severe
chesticles,testicles,sexual anatomy / sexual acts,1,mild
china-virus,china virus,political,2.2,strong
chinavirus,china virus,political,2.6,severe
chinese-virus,china virus,political,2.8,severe
chingchong,chingchong,racial / ethnic slurs,2.8,severe
chink,chink,racial / ethnic slurs,3,severe
chinky,chink,racial / ethnic slurs,3,severe
choad nectar,choad,bodily fluids / excrement,2,strong
chocha,chocha,sexual anatomy / sexual acts,2.4,strong
choke the chicken,choke the chicken,sexual anatomy / sexual acts,1.4,mild
cholo,cholo,racial / ethnic slurs,1.6,strong
clitlickers,clit,sexual anatomy / sexual acts,2,strong
closet fuckhead,fuck,sexual orientation / gender,2.8,severe
clusterfuck,fuck,sexual anatomy / sexual acts,1.8,strong
clusterfucked,fuck,sexual anatomy / sexual acts,2.2,strong
clusterfucker,fuck,sexual anatomy / sexual acts,2.4,strong
clusterfucking,fuck,sexual anatomy / sexual acts,2,strong
clusterfucks,fuck,sexual anatomy / sexual acts,2,strong
cobb knobbler,knob,sexual anatomy / sexual acts,1.8,strong
cock,cock,sexual anatomy / sexual acts,1.4,mild
cock droplets,cock,bodily fluids / excrement,2.4,strong
cock head,cock,sexual anatomy / sexual acts,2,strong
cock jockey,cock,sexual anatomy / sexual acts,2.4,strong
cock knocker,cock,sexual anatomy / sexual acts,1.8,strong
cock licker,cock,sexual anatomy / sexual acts,2,strong
cock munch,cock,sexual anatomy / sexual acts,2,strong
cock rider,cock,sexual anatomy / sexual acts,2.4,strong
cock smoker,cock,sexual anatomy / sexual acts,2.2,strong
cock snot,cock,sexual anatomy / sexual acts,2.2,strong
cock suck,cock,sexual anatomy / sexual acts,1.8,strong
cock sucker,cock,sexual anatomy / sexual acts,2.4,strong
cock sucking,cock,sexual anatomy / sexual acts,2.2,strong
cock sucking boiolas,cock,sexual anatomy / sexual acts,2.6,severe
cock sucking nob jokeys,cock,sexual anatomy / sexual acts,2.8,severe
cock tease,cock,sexual anatomy / sexual acts,1.8,strong
cock-face,cock,sexual anatomy / sexual acts,2.2,strong
cock-gobbler,cock,sexual anatomy / sexual acts,2.4,strong
cock-head,cock,sexual anatomy / sexual acts,1.8,strong
cock-sucker,cock,sexual anatomy / sexual acts,2,strong
cock-suckers,cock,sexual anatomy / sexual acts,2,strong
cockboy,cock,sexual anatomy / sexual acts,2.4,strong
cockeater,cock,sexual anatomy / sexual acts,2.2,strong
cockface,cock,sexual anatomy / sexual acts,2,strong
cockgobbler,cock,sexual anatomy / sexual acts,1.8,strong
cockh3ad,cock,sexual anatomy / sexual acts,2.4,strong
cockhead,cock,sexual anatomy / sexual acts,1.8,strong
cockheads,cock,sexual anatomy / sexual acts,2.4,strong
cockhed,cock,sexual anatomy / sexual acts,2,strong
cockless,cock,sexual anatomy / sexual acts,1.4,mild
cocklicker,cock,sexual anatomy / sexual acts,2.2,strong
cockmonger,cock,sexual anatomy / sexual acts,2.2,strong
cockmunch,cock,sexual anatomy / sexual acts,2.2,strong
cockmuncher,cock,sexual anatomy / sexual acts,1.8,strong
cocks,cock,sexual anatomy / sexual acts,1.6,strong
cockshit,cock,sexual anatomy / sexual acts,2.2,strong
cockskin,cock,sexual anatomy / sexual acts,1.8,strong
cocksmoker,cock,sexual anatomy / sexual acts,2.2,strong
cocksucc,cock,sexual anatomy / sexual acts,2,strong
cocksuccas,cock,sexual anatomy / sexual acts,2.2,strong
cocksuccer,cock,sexual anatomy / sexual acts,2.2,strong
cocksuccers,cock,sexual anatomy / sexual acts,2.2,strong
cocksuck,cock,sexual anatomy / sexual acts,2.2,strong
cocksuckas,cock,sexual anatomy / sexual acts,2.4,strong
cocksucked,cock,sexual anatomy / sexual acts,2,strong
cocksucker,cock,sexual anatomy / sexual acts,2.2,strong
cocksuckers,cock,sexual anatomy / sexual acts,2.2,strong
cocksucking,cock,sexual anatomy / sexual acts,2.4,strong
cocksucking mothafuckers,motherfucker,sexual anatomy / sexual acts,3,severe
cocksucks,cock,sexual anatomy / sexual acts,2.2,strong
cocksuk,cock,sexual anatomy / sexual acts,2,strong
cocksuka,cock,sexual anatomy / sexual acts,2,strong
cocksukka,cock,sexual anatomy / sexual acts,2.2,strong
cocsuck,cock,sexual anatomy / sexual acts,2,strong
cokmuncher,cock,sexual anatomy / sexual acts,2.2,strong
coksucka,cock,sexual anatomy / sexual acts,1.8,strong
coolie,coolie,racial / ethnic slurs,1.8,strong
coon,coon,racial / ethnic slurs,3,severe
coon1es,coon,racial / ethnic slurs,3,severe
cooni3s,coon,racial / ethnic slurs,2.4,strong
coonie,coon,racial / ethnic slurs,2.8,severe
coonies,coon,racial / ethnic slurs,3,severe
coons,coon,racial / ethnic slurs,2.8,severe
coot,coot,sexual anatomy / sexual acts,1.6,strong
coot coot,coot,sexual anatomy / sexual acts,1.4,mild
cooter,coot,sexual anatomy / sexual acts,1.2,mild
cooter shooting,coot,sexual anatomy / sexual acts,2.6,severe
cooterpuffing,coot,sexual anatomy / sexual acts,2.4,strong
cooties,cooties,other / general insult,1,mild
cotton picker,cotton picker,racial / ethnic slurs,2.8,severe
crazy mofos,motherfucker,sexual anatomy / sexual acts,1.4,mild
crazy sob,bitch,mental disability,1.4,mild
creampie,creampie,sexual anatomy / sexual acts,2.2,strong
crotch,crotch,sexual anatomy / sexual acts,1,mild
crotch fiddler,crotch,sexual anatomy / sexual acts,2.2,strong
crotchy,crotch,sexual anatomy / sexual acts,1.4,mild
crow,crow,animal references,1,mild
crows,crow,sexual orientation / gender,1.4,mild
cuksuker,cock,sexual anatomy / sexual acts,2.4,strong
cuksukka,cock,sexual anatomy / sexual acts,2.2,strong
cum goon,cum,sexual anatomy / sexual acts,2,strong
cumball,cum,bodily fluids / excrement,2.4,strong
cumdumpster,cum,bodily fluids / excrement,2.8,severe
cumming,cum,bodily fluids / excrement,1.6,strong
cums,cum,bodily fluids / excrement,1.4,mild
cumslut,cum,bodily fluids / excrement,2.8,severe
cumz,cum,bodily fluids / excrement,2,strong
cunnilingus,cunnilingus,sexual anatomy / sexual acts,2,strong
cunt,cunt,sexual anatomy / sexual acts,2.6,severe
cunt ass,cunt,sexual anatomy / sexual acts,2.8,severe
cunt fart,cunt,sexual anatomy / sexual acts,2.6,severe
cunt lick,cunt,sexual anatomy / sexual acts,3,severe
cunt licker,cunt,sexual anatomy / sexual acts,3,severe
cunt lips,cunt,sexual anatomy / sexual acts,2.8,severe
cuntasaurus rex,cunt,sexual anatomy / sexual acts,2.8,severe
cuntbag,cunt,sexual anatomy / sexual acts,3,severe
cuntbollock,cunt,sexual anatomy / sexual acts,2.2,strong
cuntelope,cunt,sexual anatomy / sexual acts,2.4,strong
cuntits,cunt,sexual anatomy / sexual acts,2.8,severe
cuntless,cunt,sexual anatomy / sexual acts,2.8,severe
cuntlick,cunt,sexual anatomy / sexual acts,3,severe
cuntlicker,cunt,sexual anatomy / sexual acts,2.4,strong
cuntlickers,cunt,sexual anatomy / sexual acts,2.6,severe
cuntness,cunt,sexual anatomy / sexual acts,3,severe
cunts,cunt,sexual anatomy / sexual acts,2.6,severe
cunty,cunt,sexual anatomy / sexual acts,2.8,severe
cuntz,cunt,sexual anatomy / sexual acts,2.8,severe
cuunt,cunt,sexual anatomy / sexual acts,2.6,severe
cyberfck,fuck,sexual anatomy / sexual acts,2.2,strong
cyberfcks,fuck,sexual anatomy / sexual acts,2.4,strong
cyberfuccs,fuck,sexual anatomy / sexual acts,2.2,strong
cyberfucks,fuck,sexual anatomy / sexual acts,2.2,strong
cyberfucs,fuck,sexual anatomy / sexual acts,2,strong
cyberfukk,fuck,sexual anatomy / sexual acts,2,strong
cyberfukks,fuck,sexual anatomy / sexual acts,2.2,strong
cyberfvcks,fuck,sexual anatomy / sexual acts,2.2,strong
d!ck,dick,sexual anatomy / sexual acts,1,mild
d!cks,dick,sexual anatomy / sexual acts,1,mild
d!ld0,dildo,sexual anatomy / sexual acts,1.4,mild
d!ldo,dildo,sexual anatomy / sexual acts,1.4,mild
d0ggy style,doggy style,sexual anatomy / sexual acts,1.8,strong
d1ck,dick,sexual anatomy / sexual acts,1,mild
d1ckhead,dick,sexual anatomy / sexual acts,1.8,strong
d1ckheads,dick,sexual anatomy / sexual acts,1.8,strong
d1cks,dick,sexual anatomy / sexual acts,1.4,mild
d1cksucker,dick,sexual anatomy / sexual acts,1.8,strong
d1cksukka,dick,sexual anatomy / sexual acts,2,strong
d1ckz,dick,sexual anatomy / sexual acts,1,mild
d1ldo,dildo,sexual anatomy / sexual acts,1.4,mild
dafuq,fuck,sexual anatomy / sexual acts,2.2,strong
dago,dago,racial / ethnic slurs,2.2,strong
darkass,ass,racial / ethnic slurs,2.6,severe
darkfuck,fuck,sexual anatomy / sexual acts,2.4,strong
darkie,darky,racial / ethnic slurs,2.8,severe
darkshit,shit,bodily fluids / excrement,3,severe
darktard,retard,racial / ethnic slurs,3,severe
darky,darky,racial / ethnic slurs,2.8,severe
dick breath,dick,sexual anatomy / sexual acts,2,strong
dick face,dick,sexual anatomy / sexual acts,1.8,strong
dick fucker,fuck,sexual anatomy / sexual acts,2.8,severe
dick head,dick,sexual anatomy / sexual acts,1.8,strong
dick licker,dick,sexual anatomy / sexual acts,2.4,strong
dick milker,dick,sexual anatomy / sexual acts,2.2,strong
dick nibbler,dick,sexual anatomy / sexual acts,2.4,strong
dick smoker,dick,sexual anatomy / sexual acts,2.4,strong
dick sucker,dick,sexual anatomy / sexual acts,2.2,strong
dick-face,dick,sexual anatomy / sexual acts,1.8,strong
dick-gobbler,dick,sexual anatomy / sexual acts,1.8,strong
dick-head,dick,sexual anatomy / sexual acts,1.8,strong
dickface,dick,sexual anatomy / sexual acts,2,strong
dickfucker,dick,sexual anatomy / sexual acts,2.8,severe
dickhead,dick,sexual anatomy / sexual acts,2,strong
dickheads,dick,sexual anatomy / sexual acts,1.6,strong
dickjockies,dick,sexual anatomy / sexual acts,2.2,strong
dickless,dick,sexual anatomy / sexual acts,1.4,mild
dicklicker,dick,sexual anatomy / sexual acts,2.2,strong
dickmuncher,dick,sexual anatomy / sexual acts,2,strong
dicks,dick,sexual anatomy / sexual acts,1,mild
dickskin,dick,sexual anatomy / sexual acts,1.8,strong
dickslapper,dick,sexual anatomy / sexual acts,1.8,strong
dicksmoker,dick,sexual anatomy / sexual acts,2.8,severe
dicksucker,dick,sexual anatomy / sexual acts,2.2,strong
dickvag,dick,sexual anatomy / sexual acts,1.6,strong
dickz,dick,sexual anatomy / sexual acts,1.2,mild
diddle,diddle,sexual anatomy / sexual acts,1,mild
dikhead,dick,sexual anatomy / sexual acts,1.6,strong
diks,dick,sexual anatomy / sexual acts,1.2,mild
dild0,dildo,sexual anatomy / sexual acts,1,mild
dipsh1t,shit,mental disability,1.6,strong
dipsh1tty,shit,bodily fluids / excrement,1.6,strong
dipshat,shit,bodily fluids / excrement,1.2,mild
dipshidiot,shit,bodily fluids / excrement,1.6,strong
dipshit,shit,bodily fluids / excrement,1.4,mild
dipshite,shit,bodily fluids / excrement,1.6,strong
dipshits,shit,bodily fluids / excrement,1.6,strong
dipshitter,shit,bodily fluids / excrement,1.6,strong
dipshitty,shit,bodily fluids / excrement,1.8,strong
dipstick,dipstick,sexual anatomy / sexual acts,1.2,mild
dirty sanchez,dirty sanchez,sexual anatomy / sexual acts,2.4,strong
dix,dick,sexual anatomy / sexual acts,1,mild
dlck,dick,sexual anatomy / sexual acts,1.2,mild
dlcks,dick,sexual anatomy / sexual acts,1,mild
dog fuck,fuck,sexual anatomy / sexual acts,2.8,severe
dog fucker,fuck,sexual anatomy / sexual acts,3,severe
dog fucking,fuck,sexual anatomy / sexual acts,2.8,severe
dog shit,shit,bodily fluids / excrement,1.2,mild
dog-fucker,fuck,sexual anatomy / sexual acts,2.8,severe
dog's bollocks,bollocks,sexual anatomy / sexual acts,1.2,mild
doggo style,doggy style,sexual anatomy / sexual acts,1.2,mild
doggy style,doggy style,sexual anatomy / sexual acts,1.4,mild
doggy_style,doggy style,sexual anatomy / sexual acts,1.4,mild
dogie style,doggy style,sexual anatomy / sexual acts,1,mild
dogsh1t,shit,bodily fluids / excrement,1.2,mild
dogsh1ts,shit,bodily fluids / excrement,1,mild
dogshit,shit,bodily fluids / excrement,1,mild
dogshits,shit,bodily fluids / excrement,1.4,mild
dogstyle,doggy style,sexual anatomy / sexual acts,1,mild
dolt,dolt,mental disability,1,mild
dong,dong,sexual anatomy / sexual acts,1.2,mild
doosh,douche,bodily fluids / excrement,1.4,mild
dothead,dothead,racial / ethnic slurs,2.6,severe
double dick,dick,sexual anatomy / sexual acts,1.6,strong
double dicking,dick,sexual anatomy / sexual acts,2.2,strong
double pen,double pen,sexual anatomy / sexual acts,1.2,mild
double-dong,dong,sexual anatomy / sexual acts,1.4,mild
douche,douche,sexual anatomy / sexual acts,1,mild
douche bag,douche,other / general insult,1,mild
douche canoe,douche,sexual anatomy / sexual acts,1.4,mild
douchebag,douche,sexual anatomy / sexual acts,1.4,mild
dumasses,ass,sexual anatomy / sexual acts,1,mild
dumb bastard,bastard,other / general insult,1.2,mild
dumb fucker,fuck,sexual anatomy / sexual acts,2,strong
dumb@ss,ass,sexual anatomy / sexual acts,1.2,mild
dumbarrassed,ass,mental disability,1.4,mild
dumbass,ass,mental disability,1.4,mild
dumbass fucker,fuck,sexual anatomy / sexual acts,2.6,severe
dumbass mofoes,ass,sexual anatomy / sexual acts,2.4,strong
dumbass mothafuckers,motherfucker,sexual anatomy / sexual acts,2.8,severe
dumbass son-of-a-bitch,bitch,sexual anatomy / sexual acts,1.8,strong
dumbasses,ass,sexual anatomy / sexual acts,1,mild
dumbfucks,fuck,sexual anatomy / sexual acts,2.2,strong
dumbshit,shit,bodily fluids / excrement,1.6,strong
dump a load,dump a load,bodily fluids / excrement,1.6,strong
dune coon,coon,racial / ethnic slurs,3,severe
dyke,dyke,sexual orientation / gender,2.8,severe
erectoplasm,erectoplasm,bodily fluids / excrement,1.8,strong
f_u_c_k,fuck,sexual anatomy / sexual acts,2.2,strong
f'ed,fuck,sexual anatomy / sexual acts,1.8,strong
f'er,fuck,sexual anatomy / sexual acts,1.6,strong
f@ck,fuck,sexual anatomy / sexual acts,1.6,strong
f@cker bunny,fuck,sexual anatomy / sexual acts,2.2,strong
f@g,faggot,sexual orientation / gender,2.8,severe
f@gg0t,faggot,sexual orientation / gender,3,severe
f@gging,faggot,sexual orientation / gender,2.8,severe
f@ggot,faggot,sexual orientation / gender,3,severe
f@gs,faggot,sexual orientation / gender,3,severe
f@gshit,shit,sexual orientation / gender,2.8,severe
f@k,fuck,sexual anatomy / sexual acts,1.8,strong
f0ck,fuck,sexual anatomy / sexual acts,2,strong
f0cked,fuck,sexual anatomy / sexual acts,2,strong
f0cker,fuck,sexual anatomy / sexual acts,2.4,strong
f0ckers,fuck,sexual anatomy / sexual acts,2.2,strong
face fuck,fuck,sexual anatomy / sexual acts,2.8,severe
fack,fuck,sexual anatomy / sexual acts,1.4,mild
fackuhs,fuck,sexual anatomy / sexual acts,2,strong
fag,faggot,sexual orientation / gender,2.8,severe
fag asses,faggot,sexual orientation / gender,2.8,severe
fag bag,faggot,sexual orientation / gender,2.8,severe
fag hag,faggot,sexual orientation / gender,2.6,severe
fag queen,faggot,sexual orientation / gender,2.8,severe
fag0t,faggot,sexual orientation / gender,3,severe
faget,faggot,sexual orientation / gender,3,severe
fagg0t,faggot,sexual orientation / gender,3,severe
fagging,faggot,sexual orientation / gender,3,severe
faggo,faggot,sexual orientation / gender,2.8,severe
faggot,faggot,sexual orientation / gender,2.8,severe
faggot mofoes,faggot,sexual anatomy / sexual acts,3,severe
faggot mothafuckers,motherfucker,sexual anatomy / sexual acts,3,severe
faggot nob jokeys,faggot,sexual anatomy / sexual acts,3,severe
faggot nobjockies,faggot,sexual orientation / gender,3,severe
faggot son-of-a-bitch,faggot,sexual orientation / gender,3,severe
faggoting,faggot,sexual orientation / gender,3,severe
faggots,faggot,sexual orientation / gender,3,severe
faggs,faggot,sexual orientation / gender,3,severe
faggy,faggot,sexual orientation / gender,3,severe
fagot,faggot,sexual orientation / gender,2.8,severe
fags,faggot,sexual orientation / gender,3,severe
fagshit,faggot,bodily fluids / excrement,3,severe
fart-fucker,fuck,sexual anatomy / sexual acts,2.2,strong
fatass,ass,sexual anatomy / sexual acts,1.2,mild
fatasses,ass,sexual anatomy / sexual acts,1.2,mild
fccuker,fuck,sexual anatomy / sexual acts,2,strong
fck,fuck,sexual anatomy / sexual acts,2.4,strong
fck you,fuck,sexual anatomy / sexual acts,2.2,strong
fcka,fuck,sexual anatomy / sexual acts,1.8,strong
fckahz,fuck,sexual anatomy / sexual acts,2.2,strong
fcked,fuck,sexual anatomy / sexual acts,2,strong
fckedup,fuck,sexual anatomy / sexual acts,2,strong
fcker,fuck,sexual anatomy / sexual acts,2.2,strong
fckin,fuck,sexual anatomy / sexual acts,2,strong
fcking,fuck,sexual anatomy / sexual acts,2.2,strong
fckk,fuck,sexual anatomy / sexual acts,2.2,strong
fckked,fuck,sexual anatomy / sexual acts,2,strong
fckking,fuck,sexual anatomy / sexual acts,2.2,strong
fcks,fuck,sexual anatomy / sexual acts,2,strong
fcktard,fuck,sexual anatomy / sexual acts,2.8,severe
fckyeah,fuck,other / general insult,1.6,strong
fcuk,fuck,sexual anatomy / sexual acts,2,strong
fcuked,fuck,sexual anatomy / sexual acts,2.2,strong
fcuker,fuck,sexual anatomy / sexual acts,2.4,strong
fcukers,fuck,sexual anatomy / sexual acts,2.2,strong
fcuking,fuck,sexual anatomy / sexual acts,2.2,strong
fcukker,fuck,sexual anatomy / sexual acts,2.2,strong
fcuks,fuck,sexual anatomy / sexual acts,2.2,strong
fcvking,fuck,sexual anatomy / sexual acts,2.2,strong
feck,fuck,sexual anatomy / sexual acts,1.6,strong
feck arse,arse,sexual anatomy / sexual acts,2.2,strong
fecker,fuck,sexual anatomy / sexual acts,2.2,strong
feg,faggot,sexual orientation / gender,2.4,strong
fellatio aficionado,fellatio,sexual anatomy / sexual acts,2,strong
fellator,fellatio,sexual anatomy / sexual acts,1.6,strong
fick,fuck,sexual anatomy / sexual acts,1.6,strong
finger,finger,sexual anatomy / sexual acts,1,mild
finger fuck,fuck,sexual anatomy / sexual acts,2.6,severe
fingerbanged,finger,sexual anatomy / sexual acts,1.6,strong
fingerpop,finger,sexual anatomy / sexual acts,1.4,mild
fk bunny,fuck,sexual anatomy / sexual acts,2,strong
fkbny,fuck,sexual anatomy / sexual acts,1.6,strong
fked,fuck,sexual anatomy / sexual acts,2,strong
fker,fuck,sexual anatomy / sexual acts,2.4,strong
fking,fuck,sexual anatomy / sexual acts,2.2,strong
fkings,fuck,sexual anatomy / sexual acts,1.8,strong
fkker,fuck,sexual anatomy / sexual acts,2.2,strong
flamer,flamer,sexual orientation / gender,2,strong
flamers,flamer,sexual orientation / gender,2.8,severe
focker,fuck,sexual anatomy / sexual acts,2,strong
fook,fuck,sexual anatomy / sexual acts,1.6,strong
fooker,fuck,sexual anatomy / sexual acts,1.8,strong
fookuh,fuck,sexual anatomy / sexual acts,1.8,strong
forked,fuck,sexual anatomy / sexual acts,1,mild
fothermuckers,motherfucker,sexual anatomy / sexual acts,1.8,strong
fuc,fuck,sexual anatomy / sexual acts,1.6,strong
fucc,fuck,sexual anatomy / sexual acts,2,strong
fucca,fuck,sexual anatomy / sexual acts,2,strong
fuccers,fuck,sexual anatomy / sexual acts,2.2,strong
fuccing,fuck,sexual anatomy / sexual acts,2.6,severe
fuccs,fuck,sexual anatomy / sexual acts,2,strong
fuck,fuck,sexual anatomy / sexual acts,2,strong
fuck arse,fuck,sexual anatomy / sexual acts,2.4,strong
fuck face,fuck,sexual anatomy / sexual acts,2.4,strong
fuck faces,fuck,sexual anatomy / sexual acts,2.2,strong
fuck goblin,fuck,sexual anatomy / sexual acts,2.2,strong
fuck head,fuck,sexual anatomy / sexual acts,2.4,strong
fuck off,fuck,sexual anatomy / sexual acts,2,strong
fuck up,fuck,sexual anatomy / sexual acts,1.8,strong
fuck y0u,fuck,sexual anatomy / sexual acts,2.4,strong
fuck you,fuck,sexual anatomy / sexual acts,2.4,strong
fuck your,fuck,sexual anatomy / sexual acts,2.4,strong
fuck your mother,fuck,sexual anatomy / sexual acts,2.8,severe
fucka,fuck,sexual anatomy / sexual acts,2.2,strong
fuckahs,fuck,sexual anatomy / sexual acts,2,strong
fuckass,fuck,sexual anatomy / sexual acts,2.4,strong
fuckasses,fuck,sexual anatomy / sexual acts,2.4,strong
fuckaz,fuck,sexual anatomy / sexual acts,2.2,strong
fuckbag,fuck,sexual anatomy / sexual acts,2.6,severe
fuckboy,fuck,sexual anatomy / sexual acts,2.6,severe
fucked,fuck,sexual anatomy / sexual acts,1.8,strong
fucked up,fuck,sexual anatomy / sexual acts,2.2,strong
fuckem,fuck,sexual anatomy / sexual acts,2.2,strong
fucker,fuck,sexual anatomy / sexual acts,2.2,strong
fucker off,fuck,sexual anatomy / sexual acts,2,strong
fuckers,fuck,sexual anatomy / sexual acts,2.4,strong
fuckface,fuck,sexual anatomy / sexual acts,2.2,strong
fuckfaces,fuck,sexual anatomy / sexual acts,2.2,strong
fuckhead,fuck,sexual anatomy / sexual acts,2.2,strong
fuckheaded,fuck,sexual anatomy / sexual acts,2.6,severe
fuckheads,fuck,sexual anatomy / sexual acts,2.6,severe
fuckin,fuck,sexual anatomy / sexual acts,2,strong
fucking,fuck,sexual anatomy / sexual acts,2.2,strong
fucking a,fuck,sexual anatomy / sexual acts,2.4,strong
fucking asshole,fuck,sexual anatomy / sexual acts,2.8,severe
fucking bastard,fuck,sexual anatomy / sexual acts,2.4,strong
fucking hell,fuck,sexual anatomy / sexual acts,2,strong
fucking me,fuck,sexual anatomy / sexual acts,2.2,strong
fucking retard,fuck,sexual anatomy / sexual acts,3,severe
fucking shit,fuck,sexual anatomy / sexual acts,1.8,strong
fuckk,fuck,sexual anatomy / sexual acts,2.2,strong
fuckless,fuck,sexual anatomy / sexual acts,2,strong
fuckmachine,fuck,sexual anatomy / sexual acts,2,strong
fucknuckle,fuck,sexual anatomy / sexual acts,2.4,strong
fucks,fuck,sexual anatomy / sexual acts,2,strong
fuckshit,fuck,sexual anatomy / sexual acts,2.4,strong
fuckshitface,fuck,sexual anatomy / sexual acts,2.4,strong
fuckshithead,fuck,sexual anatomy / sexual acts,2.8,severe
fuckstar,fuck,sexual anatomy / sexual acts,2.2,strong
fuckster,fuck,sexual anatomy / sexual acts,2.2,strong
fuckstick,fuck,sexual anatomy / sexual acts,2.2,strong
fucktard,fuck,sexual anatomy / sexual acts,2.8,severe
fucktards,fuck,sexual anatomy / sexual acts,2.6,severe
fuckup,fuck,sexual anatomy / sexual acts,2,strong
fuckwad,fuck,sexual anatomy / sexual acts,2.2,strong
fuckwhore,fuck,sexual anatomy / sexual acts,2.6,severe
fucs,fuck,sexual anatomy / sexual acts,2.4,strong
fucx,fuck,sexual anatomy / sexual acts,2.2,strong
fudgefucker,fudge packer,sexual anatomy / sexual acts,3,severe
fudgepacker,fudge packer,sexual orientation / gender,2.4,strong
fudgepackers,fudge packer,sexual anatomy / sexual acts,2.2,strong
fudgepackershitter,fudge packer,sexual anatomy / sexual acts,3,severe
fudgepacking fucker,fudge packer,sexual anatomy / sexual acts,3,severe
fugged,fuck,sexual anatomy / sexual acts,1.8,strong
fugger,fuck,sexual anatomy / sexual acts,2,strong
fuggerz,fuck,sexual anatomy / sexual acts,2.6,severe
fuggings,fuck,sexual anatomy / sexual acts,2,strong
fugly,fuck,physical attributes,1.4,mild
fuk,fuck,sexual anatomy / sexual acts,2,strong
fuk1n,fuck,sexual anatomy / sexual acts,2,strong
fuk1ng,fuck,sexual anatomy / sexual acts,2.2,strong
fukcs,fuck,sexual anatomy / sexual acts,2,strong
fuker,fuck,sexual anatomy / sexual acts,2.2,strong
fukheads,fuck,sexual anatomy / sexual acts,2,strong
fukin,fuck,sexual anatomy / sexual acts,2.2,strong
fuking,fuck,sexual anatomy / sexual acts,2,strong
fukk,fuck,sexual anatomy / sexual acts,2,strong
fukka,fuck,sexual anatomy / sexual acts,2.2,strong
fukked,fuck,sexual anatomy / sexual acts,2,strong
fukker,fuck,sexual anatomy / sexual acts,2,strong
fukkers,fuck,sexual anatomy / sexual acts,2,strong
fukking,fuck,sexual anatomy / sexual acts,2,strong
fukkings,fuck,sexual anatomy / sexual acts,2,strong
fukkuh,fuck,sexual anatomy / sexual acts,2.2,strong
fuks,fuck,sexual anatomy / sexual acts,2.2,strong
fuku,fuck,sexual anatomy / sexual acts,2.6,severe
fukwhore,fuck,sexual anatomy / sexual acts,2.8,severe
fukwit,fuck,sexual anatomy / sexual acts,2.2,strong
full of shit,shit,bodily fluids / excrement,1,mild
funbags,funbags,sexual anatomy / sexual acts,1,mild
fuq,fuck,sexual anatomy / sexual acts,1.8,strong
futhamucka,motherfucker,sexual anatomy / sexual acts,2.6,severe
fux,fuck,sexual anatomy / sexual acts,2.2,strong
fux0r,fuck,sexual anatomy / sexual acts,2,strong
fvck,fuck,sexual anatomy / sexual acts,1.8,strong
fvck you,fuck,sexual anatomy / sexual acts,2.2,strong
fvcka,fuck,sexual anatomy / sexual acts,2,strong
fvckbunny,fuck,sexual anatomy / sexual acts,2.2,strong
fvcker,fuck,sexual anatomy / sexual acts,2.4,strong
fvckers,fuck,sexual anatomy / sexual acts,2.2,strong
fvckin,fuck,sexual anatomy / sexual acts,1.8,strong
fvcking,fuck,sexual anatomy / sexual acts,2,strong
fvckker bunny,fuck,sexual anatomy / sexual acts,2.2,strong
fvckwhi,fuck,sexual anatomy / sexual acts,2.2,strong
fxck,fuck,sexual anatomy / sexual acts,1.6,strong
fxcked,fuck,sexual anatomy / sexual acts,2,strong
fxcker,fuck,sexual anatomy / sexual acts,2.2,strong
fxcking,fuck,sexual anatomy / sexual acts,2.2,strong
g@y b1tch,bitch,sexual orientation / gender,2.6,severe
g@ylord,gay,sexual orientation / gender,1.8,strong
g@yshit,shit,sexual orientation / gender,2.6,severe
g0ddamn,damn,religious offense,1.2,mild
g0ddamned,damn,religious offense,1.6,strong
g0ddamnit,damn,religious offense,1,mild
gash-stabber,gash-stabber,sexual anatomy / sexual acts,2,strong
gay ass,gay,sexual anatomy / sexual acts,2.6,severe
gay bitch,gay,sexual orientation / gender,2.6,severe
gay fuck,fuck,sexual orientation / gender,2.6,severe
gay fucker,fuck,sexual anatomy / sexual acts,2.8,severe
gay shit,gay,bodily fluids / excrement,1.8,strong
gay wad,gay,sexual orientation / gender,2,strong
gayest,gay,sexual orientation / gender,1,mild
gaylord,gay,sexual orientation / gender,1.6,strong
gaylords,gay,sexual orientation / gender,2.2,strong
gayness,gay,sexual orientation / gender,1.4,mild
gaysian,gay,sexual orientation / gender,2.6,severe
gaytard,gay,sexual orientation / gender,2.8,severe
geebag,garbage bag,sexual orientation / gender,1.8,strong
get fucked,fuck,sexual anatomy / sexual acts,2.4,strong
gin jockey,gin jockey,sexual anatomy / sexual acts,2,strong
girlieboy,girlyboy,sexual orientation / gender,1.4,mild
girly bits,girly bits,sexual anatomy / sexual acts,1,mild
girlyboy,girlyboy,sexual orientation / gender,1.4,mild
go fuck yourself,fuck,sexual anatomy / sexual acts,2.6,severe
go to hell,hell,other / general insult,1,mild
gobshite,shit,bodily fluids / excrement,1.8,strong
god dammit,damn,religious offense,1.6,strong
god damn,damn,religious offense,1.4,mild
god damn it,damn,religious offense,1.8,strong
god damned,damn,religious offense,1.2,mild
god damnit,damn,religious offense,2.2,strong
god-dam,damn,religious offense,1.2,mild
god-damned,damn,religious offense,1.4,mild
godamnit,damn,religious offense,2,strong
godd@amn,damn,religious offense,1.4,mild
godd@mnit,damn,religious offense,1.4,mild
goddammit,damn,religious offense,1,mild
goddamn,damn,religious offense,1.6,strong
goddamn mothafuckers,motherfucker,sexual anatomy / sexual acts,2.8,severe
goddamn son of a bitch,damn,religious offense,2.2,strong
goddamn son-of-a-bitch,damn,religious offense,1.4,mild
goddamned,damn,religious offense,1.8,strong
goddamnit,damn,religious offense,1.6,strong
gook,gook,racial / ethnic slurs,2.8,severe
gowl,gowl,other / general insult,1.6,strong
greaser,greaser,racial / ethnic slurs,1,mild
groid,groid,racial / ethnic slurs,2,strong
groper,grope,sexual anatomy / sexual acts,1.4,mild
gyp,gypsy,racial / ethnic slurs,2,strong
harry palms,harry palms,sexual anatomy / sexual acts,1.6,strong
heeb,hebe,racial / ethnic slurs,2.2,strong
higg@,nigger,racial / ethnic slurs,2.6,severe
higg3r,nigger,racial / ethnic slurs,2.8,severe
higga,nigger,racial / ethnic slurs,2.8,severe
higger,nigger,racial / ethnic slurs,2.6,severe
higgers,nigger,racial / ethnic slurs,3,severe
hoar,whore,sexual orientation / gender,1.8,strong
hoe,hoe,sexual orientation / gender,2,strong
hoe-asses,hoe,sexual orientation / gender,2.2,strong
hoebag,hoe,sexual orientation / gender,2,strong
hoes,hoe,sexual orientation / gender,2,strong
holy fuck,fuck,sexual anatomy / sexual acts,2,strong
homo,homosexual,sexual orientation / gender,2.2,strong
homo asses,homosexual,sexual anatomy / sexual acts,2.8,severe
homos,homosexual,sexual orientation / gender,2.2,strong
hooters,hooters,sexual anatomy / sexual acts,1,mild
horse shit,shit,bodily fluids / excrement,1.2,mild
horse's asses,ass,sexual anatomy / sexual acts,1.4,mild
horseshit,shit,bodily fluids / excrement,1.2,mild
hustler,hustler,other / general insult,1,mild
injun,injun,racial / ethnic slurs,2.4,strong
j-offs,jerk off,sexual anatomy / sexual acts,1.4,mild
j3rk,jerk,other / general insult,1,mild
ja!lbait,jailbait,sexual anatomy / sexual acts,1,mild
ja1lbait,jailbait,physical attributes,1,mild
jack off,jackoff,sexual anatomy / sexual acts,1.4,mild
jack-off,jack off,sexual anatomy / sexual acts,1.2,mild
jack-offs,jack off,sexual anatomy / sexual acts,1.4,mild
jackarse,arse,sexual anatomy / sexual acts,1,mild
jackass,ass,animal references,1,mild
jackasses,ass,sexual anatomy / sexual acts,1,mild
jackasss,ass,animal references,1.2,mild
jackoff,jack off,sexual anatomy / sexual acts,2,strong
jackoffs,jack off,sexual anatomy / sexual acts,1.2,mild
jackoffz,jack off,sexual anatomy / sexual acts,1.6,strong
jagoff,jack off,sexual anatomy / sexual acts,1,mild
jailba!t,jailbait,physical attributes,1.6,strong
jailbait,jailbait,sexual anatomy / sexual acts,1,mild
jap,jap,racial / ethnic slurs,2.8,severe
jerk off,jerk off,sexual anatomy / sexual acts,1,mild
jerk-0ff,jerk off,sexual anatomy / sexual acts,1.2,mild
jerk-0ffs,jerk off,sexual anatomy / sexual acts,1.4,mild
jerk-off,jerk off,sexual anatomy / sexual acts,1.2,mild
jerk-offs,jerk off,sexual anatomy / sexual acts,1,mild
jerking off,jerk off,sexual anatomy / sexual acts,1,mild
jerkoff,jerk off,sexual anatomy / sexual acts,1.6,strong
jerkoff jerking off,jerk off,sexual anatomy / sexual acts,1.2,mild
jerkoffs,jerk off,sexual anatomy / sexual acts,1.2,mild
jerks off,jerk off,sexual anatomy / sexual acts,1.4,mild
jewboy,jew,racial / ethnic slurs,2.8,severe
jigaboo,jiggaboo,racial / ethnic slurs,2.4,strong
jigaboos,jiggaboo,racial / ethnic slurs,2.8,severe
jigga,jiggaboo,racial / ethnic slurs,2.4,strong
jiggaboo,jiggaboo,racial / ethnic slurs,3,severe
jiggabooboo,jiggaboo,racial / ethnic slurs,2.4,strong
jiggaboos,jiggaboo,racial / ethnic slurs,3,severe
jiggabu,jiggaboo,racial / ethnic slurs,3,severe
jiggas,jiggaboo,racial / ethnic slurs,2.8,severe
jigger,jiggaboo,racial / ethnic slurs,3,severe
jiggerboo,jiggaboo,racial / ethnic slurs,2.6,severe
jiggerboos,jiggaboo,racial / ethnic slurs,3,severe
jiggs,jiggaboo,racial / ethnic slurs,2.6,severe
jiggyboo,jiggaboo,racial / ethnic slurs,3,severe
jigro,jiggaboo,racial / ethnic slurs,2.8,severe
jim crow,jim crow,racial / ethnic slurs,1.4,mild
jizz,jizz,bodily fluids / excrement,1.6,strong
jizz eater,jizz,sexual anatomy / sexual acts,2.4,strong
jizz licker,jizz,sexual anatomy / sexual acts,2.4,strong
jizz-jockey,jizz,bodily fluids / excrement,2.2,strong
jizzbags,jizz,bodily fluids / excrement,2.4,strong
jizzed,jizz,bodily fluids / excrement,2,strong
jizzes,jizz,bodily fluids / excrement,2.2,strong
jizzfucker,fuck,bodily fluids / excrement,2.6,severe
jizzing,jizz,bodily fluids / excrement,1.6,strong
jizzsacks,jizz,sexual anatomy / sexual acts,1.8,strong
jizzstain,jizz,bodily fluids / excrement,2.8,severe
jizzy,jizz,bodily fluids / excrement,1.6,strong
k!k3,kike,racial / ethnic slurs,2.6,severe
k!ke,kike,racial / ethnic slurs,3,severe
k..!ke,kike,racial / ethnic slurs,3,severe
k1k3,kike,racial / ethnic slurs,3,severe
k1ke,kike,racial / ethnic slurs,2.8,severe
kid diddler,diddle,sexual anatomy / sexual acts,3,severe
kiddy touch,kidtoucher,sexual anatomy / sexual acts,1.8,strong
kike,kike,racial / ethnic slurs,3,severe
kikes,kike,racial / ethnic slurs,3,severe
kiss ass,ass,sexual anatomy / sexual acts,1,mild
kiss my ass,ass,sexual anatomy / sexual acts,1.6,strong
kitty puncher,kitty puncher,sexual anatomy / sexual acts,2.2,strong
kkk,kkk,other / general insult,1.8,strong
klan,klan,racial / ethnic slurs,1.8,strong
klitoris,clit,sexual anatomy / sexual acts,1,mild
kneegrows,negro,racial / ethnic slurs,2.8,severe
knickers,nigger,racial / ethnic slurs,1.8,strong
knob,knob,sexual anatomy / sexual acts,1.4,mild
knob eater,knob,sexual anatomy / sexual acts,2.2,strong
knob gobbler,knob,sexual anatomy / sexual acts,1.8,strong
knob jockey,knob,sexual anatomy / sexual acts,1.8,strong
knob-face,knob,sexual anatomy / sexual acts,1.6,strong
knob-gobbler,knob,sexual anatomy / sexual acts,1.6,strong
knob-head,knob,sexual anatomy / sexual acts,2,strong
knob3d,knob,sexual anatomy / sexual acts,1.6,strong
knob3nd,knob,sexual anatomy / sexual acts,1.2,mild
knobd,knob,sexual anatomy / sexual acts,1.2,mild
knobe,knob,sexual anatomy / sexual acts,1,mild
knobead,knob,sexual anatomy / sexual acts,1.4,mild
knobeads,knob,sexual anatomy / sexual acts,1.4,mild
knobed,knob,sexual anatomy / sexual acts,1.4,mild
knobeds,knob,sexual anatomy / sexual acts,1.8,strong
knobend,knob,sexual anatomy / sexual acts,1.2,mild
knobender,knob,sexual anatomy / sexual acts,2.2,strong
knobends,knob,sexual anatomy / sexual acts,1.4,mild
knobendy,knob,sexual anatomy / sexual acts,1.6,strong
knobendz,knob,sexual anatomy / sexual acts,1.4,mild
knober,knob,sexual anatomy / sexual acts,1,mild
knobes,knob,sexual anatomy / sexual acts,1.2,mild
knobgobbler,knob,sexual anatomy / sexual acts,1.8,strong
knobhead,knob,sexual anatomy / sexual acts,1.6,strong
knobheads,knob,sexual anatomy / sexual acts,1.6,strong
knobjockies,knob,sexual anatomy / sexual acts,1.8,strong
knobjocky,knob,sexual anatomy / sexual acts,2.2,strong
knobjokey,knob,sexual orientation / gender,2.6,severe
knobjokeys,knob,sexual anatomy / sexual acts,1.8,strong
ku kluxer,ku kluxer,racial / ethnic slurs,2.6,severe
kyke,kike,racial / ethnic slurs,3,severe
l@dyb0i,ladyboy,sexual orientation / gender,2.2,strong
l@dyb0y,ladyboy,sexual orientation / gender,2,strong
l@dyboy,ladyboy,sexual orientation / gender,2,strong
l3i + ch,bitch,sexual orientation / gender,1.2,mild
l3i+ch,bitch,sexual orientation / gender,1.2,mild
l3itch,bitch,sexual orientation / gender,1.4,mild
l3itches,bitch,sexual orientation / gender,1.2,mild
ladboys,ladyboy,sexual orientation / gender,1.4,mild
ladboyz,ladyboy,sexual orientation / gender,1.4,mild
ladiboy,ladyboy,sexual orientation / gender,2.2,strong
lady-boy,ladyboy,sexual orientation / gender,2.6,severe
ladyb0i,ladyboy,sexual orientation / gender,2.2,strong
ladyb0y,ladyboy,sexual orientation / gender,2.4,strong
ladyboy,ladyboy,sexual orientation / gender,2.2,strong
ladyboys,ladyboy,sexual orientation / gender,2.4,strong
ladyboyz,ladyboy,sexual orientation / gender,1.4,mild
lesbo,lesbian,sexual orientation / gender,2.2,strong
loose woman,loose,sexual orientation / gender,1.4,mild
m@asterbated,masturbate,sexual anatomy / sexual acts,1.4,mild
m@derfaker,motherfucker,sexual anatomy / sexual acts,2.8,severe
m@derfuck,motherfucker,sexual anatomy / sexual acts,3,severe
m@derfuckers,motherfucker,sexual anatomy / sexual acts,2.6,severe
m0f0,motherfucker,sexual anatomy / sexual acts,2,strong
m0f0s,motherfucker,other / general insult,2.4,strong
m0fo,motherfucker,sexual anatomy / sexual acts,2.6,severe
m0foes,motherfucker,other / general insult,2.2,strong
m0fos,motherfucker,sexual anatomy / sexual acts,2.6,severe
m0ng0l0id,mongoloid,mental disability,2.2,strong
m0ngoloid,mongoloid,racial / ethnic slurs,2.2,strong
m0thafucked,motherfucker,sexual anatomy / sexual acts,3,severe
m0thafucker,motherfucker,sexual anatomy / sexual acts,3,severe
m0thafucking,motherfucker,sexual anatomy / sexual acts,2.8,severe
m0therfuckeds,motherfucker,sexual anatomy / sexual acts,2.8,severe
m0therfucker,motherfucker,sexual anatomy / sexual acts,2.4,strong
m0therfucking,motherfucker,sexual anatomy / sexual acts,3,severe
m0therfvcker,motherfucker,sexual anatomy / sexual acts,3,severe
man chowder,man chowder,bodily fluids / excrement,1,mild
man meat,meat,sexual anatomy / sexual acts,1.2,mild
man seed,man seed,bodily fluids / excrement,1,mild
markasses,ass,sexual anatomy / sexual acts,2,strong
meat curtains,meat curtains,sexual anatomy / sexual acts,2,strong
meat-sword,meat,sexual anatomy / sexual acts,1.2,mild
mecha fag,faggot,sexual orientation / gender,3,severe
mega fag,faggot,sexual orientation / gender,2.8,severe
mf'er,motherfucker,sexual anatomy / sexual acts,2.2,strong
mf'ers,motherfucker,sexual anatomy / sexual acts,2.6,severe
mf'ing,motherfucker,sexual anatomy / sexual acts,2.2,strong
mfckers,motherfucker,sexual anatomy / sexual acts,2.2,strong
mfer,motherfucker,sexual anatomy / sexual acts,1.8,strong
mfers,motherfucker,sexual anatomy / sexual acts,2.8,severe
mfing,motherfucker,sexual anatomy / sexual acts,1.8,strong
mfk,motherfucker,sexual anatomy / sexual acts,1.6,strong
mfs,motherfucker,sexual anatomy / sexual acts,2.2,strong
mfukk,motherfucker,sexual anatomy / sexual acts,3,severe
mfukker,motherfucker,sexual anatomy / sexual acts,2.8,severe
milf,milf,sexual anatomy / sexual acts,1.8,strong
mindfuck,motherfucker,sexual anatomy / sexual acts,2.2,strong
mof0es,motherfucker,sexual anatomy / sexual acts,2.2,strong
mof0s,motherfucker,other / general insult,2.6,severe
mofcker,motherfucker,sexual anatomy / sexual acts,2.6,severe
mofo,motherfucker,sexual anatomy / sexual acts,2,strong
mofo ass,motherfucker,sexual anatomy / sexual acts,2.4,strong
mofoes,motherfucker,other / general insult,2,strong
mofos,motherfucker,sexual anatomy / sexual acts,2,strong
mofoshit,motherfucker,sexual anatomy / sexual acts,2.2,strong
mofuccers,motherfucker,sexual anatomy / sexual acts,2.4,strong
mofucckers,motherfucker,sexual anatomy / sexual acts,2.4,strong
mofuck,motherfucker,sexual anatomy / sexual acts,2.8,severe
mofucker,motherfucker,other / general insult,2,strong
mofuckkas,motherfucker,sexual anatomy / sexual acts,2.4,strong
mofuk,motherfucker,other / general insult,2.2,strong
mofukkas,motherfucker,sexual anatomy / sexual acts,2.4,strong
molester,molest,sexual anatomy / sexual acts,2.2,strong
mong,mong,racial / ethnic slurs,1.8,strong
mongoloid,mongoloid,racial / ethnic slurs,2.2,strong
mongrel,mongrel,racial / ethnic slurs,2.6,severe
motha fucka,motherfucker,sexual anatomy / sexual acts,2.8,severe
motha fucker,motherfucker,sexual anatomy / sexual acts,2.4,strong
motha fuckers,motherfucker,sexual anatomy / sexual acts,3,severe
mothaf@cked,motherfucker,sexual anatomy / sexual acts,2.6,severe
mothafcked,motherfucker,sexual anatomy / sexual acts,2.6,severe
mothafcking,motherfucker,sexual anatomy / sexual acts,2.8,severe
mothafucc,motherfucker,sexual anatomy / sexual acts,2.8,severe
mothafucced,motherfucker,sexual anatomy / sexual acts,2.6,severe
mothafuccer,motherfucker,sexual anatomy / sexual acts,3,severe
mothafuccing,motherfucker,sexual anatomy / sexual acts,3,severe
mothafuck,motherfucker,sexual anatomy / sexual acts,2.8,severe
mothafucka,motherfucker,sexual anatomy / sexual acts,2.8,severe
mothafuckas,motherfucker,sexual anatomy / sexual acts,2.6,severe
mothafuckasses,motherfucker,sexual anatomy / sexual acts,3,severe
mothafuckaz,motherfucker,sexual anatomy / sexual acts,2.6,severe
mothafuckazzes,motherfucker,sexual anatomy / sexual acts,3,severe
mothafucked,motherfucker,sexual anatomy / sexual acts,2.8,severe
mothafuckeds,motherfucker,sexual anatomy / sexual acts,2.8,severe
mothafucker,motherfucker,sexual anatomy / sexual acts,3,severe
mothafuckers,motherfucker,sexual anatomy / sexual acts,2.6,severe
mothafuckin,motherfucker,sexual anatomy / sexual acts,2.6,severe
mothafucking,motherfucker,sexual anatomy / sexual acts,3,severe
mothafuckings,motherfucker,sexual anatomy / sexual acts,2.8,severe
mothafuckins,motherfucker,sexual anatomy / sexual acts,2.6,severe
mothafucks,motherfucker,sexual anatomy / sexual acts,2.8,severe
mothafuckz,motherfucker,sexual anatomy / sexual acts,2.6,severe
mothafvcked,motherfucker,sexual anatomy / sexual acts,2.8,severe
mother effer,motherfucker,sexual anatomy / sexual acts,2.2,strong
mother fuck,motherfucker,sexual anatomy / sexual acts,2.8,severe
mother fuck you,motherfucker,sexual anatomy / sexual acts,2.6,severe
mother fucka,motherfucker,sexual anatomy / sexual acts,2.8,severe
mother fucker,motherfucker,sexual anatomy / sexual acts,3,severe
mother fuckers,motherfucker,sexual anatomy / sexual acts,3,severe
mother fucking,motherfucker,sexual anatomy / sexual acts,3,severe
mothercker,motherfucker,sexual anatomy / sexual acts,2.2,strong
motherf@kka,motherfucker,sexual anatomy / sexual acts,2.6,severe
motherfacking,motherfucker,sexual anatomy / sexual acts,2.4,strong
motherfcked,motherfucker,sexual anatomy / sexual acts,2.8,severe
motherfckin,motherfucker,sexual anatomy / sexual acts,3,severe
motherfcking,motherfucker,sexual anatomy / sexual acts,3,severe
motherfcks,motherfucker,sexual anatomy / sexual acts,2.8,severe
motherfckshit,motherfucker,sexual anatomy / sexual acts,2.8,severe
motherfecka,motherfucker,sexual anatomy / sexual acts,2.4,strong
motherfecker,motherfucker,sexual anatomy / sexual acts,2.8,severe
motherfk,motherfucker,sexual anatomy / sexual acts,2.8,severe
motherfucca,motherfucker,sexual anatomy / sexual acts,2.6,severe
motherfuccas,motherfucker,sexual anatomy / sexual acts,3,severe
motherfuccers,motherfucker,sexual anatomy / sexual acts,3,severe
motherfuck,motherfucker,sexual anatomy / sexual acts,2.4,strong
motherfucked,motherfucker,sexual anatomy / sexual acts,3,severe
motherfuckeds,motherfucker,sexual anatomy / sexual acts,3,severe
motherfucker,motherfucker,sexual anatomy / sexual acts,3,severe
motherfuckers,motherfucker,sexual anatomy / sexual acts,2.8,severe
motherfuckin,motherfucker,sexual anatomy / sexual acts,2.6,severe
motherfucking,motherfucker,sexual anatomy / sexual acts,2.8,severe
motherfuckings,motherfucker,sexual anatomy / sexual acts,2.8,severe
motherfuckingshit,motherfucker,sexual anatomy / sexual acts,2.8,severe
motherfuckins,motherfucker,sexual anatomy / sexual acts,2.8,severe
motherfuckka,motherfucker,sexual anatomy / sexual acts,3,severe
motherfuckkas,motherfucker,sexual anatomy / sexual acts,3,severe
motherfuckkers,motherfucker,sexual anatomy / sexual acts,3,severe
motherfucks,motherfucker,sexual anatomy / sexual acts,3,severe
motherfukka,motherfucker,sexual anatomy / sexual acts,3,severe
motherfukker,motherfucker,sexual anatomy / sexual acts,3,severe
motherfukkings,motherfucker,sexual anatomy / sexual acts,2.6,severe
motherfvck,motherfucker,sexual anatomy / sexual acts,2.6,severe
motherfvcked,motherfucker,sexual anatomy / sexual acts,2.6,severe
motherfvckeds,motherfucker,sexual anatomy / sexual acts,2.2,strong
motherfvcker,motherfucker,sexual anatomy / sexual acts,3,severe
motherfvckers,motherfucker,sexual anatomy / sexual acts,2.8,severe
motherfvcking,motherfucker,sexual anatomy / sexual acts,2.8,severe
motherfxck,motherfucker,other / general insult,2.4,strong
motherfxcking,motherfucker,sexual anatomy / sexual acts,2.6,severe
mothfck,motherfucker,sexual anatomy / sexual acts,2.6,severe
mothter fuck,motherfucker,sexual anatomy / sexual acts,3,severe
mtherfuker,motherfucker,sexual anatomy / sexual acts,3,severe
mthrfcker,motherfucker,sexual anatomy / sexual acts,2.6,severe
muddafukkas,motherfucker,sexual anatomy / sexual acts,3,severe
mudderfuk,motherfucker,sexual anatomy / sexual acts,2.2,strong
mudderfukker,motherfucker,sexual anatomy / sexual acts,2.6,severe
mufdive,muff,sexual anatomy / sexual acts,1.8,strong
mufdivin,muff,sexual anatomy / sexual acts,2.8,severe
muff,muff,sexual anatomy / sexual acts,1.4,mild
muffdiving,muff,sexual anatomy / sexual acts,2,strong
muffdivings,muff,sexual anatomy / sexual acts,2.2,strong
muffindivin,muff,sexual anatomy / sexual acts,1.8,strong
muffindiving,muff,sexual anatomy / sexual acts,1.8,strong
muhfucking,motherfucker,sexual anatomy / sexual acts,2.4,strong
mushroom tip,mushroom tip,sexual anatomy / sexual acts,1.4,mild
mutha fucka,motherfucker,sexual anatomy / sexual acts,2.8,severe
mutha fucker,motherfucker,sexual anatomy / sexual acts,2.4,strong
muthafecker,motherfucker,sexual anatomy / sexual acts,2.8,severe
muthafeckers,motherfucker,sexual anatomy / sexual acts,3,severe
muthafucka,motherfucker,sexual anatomy / sexual acts,2.8,severe
muthafuckers,motherfucker,sexual anatomy / sexual acts,3,severe
muthafuckings,motherfucker,sexual anatomy / sexual acts,3,severe
muthafuckker,motherfucker,sexual anatomy / sexual acts,3,severe
muthafuckkers,motherfucker,sexual anatomy / sexual acts,2.8,severe
muthafukka,motherfucker,sexual anatomy / sexual acts,3,severe
mutherfucker,motherfucker,sexual anatomy / sexual acts,2.6,severe
mutherfuckers,motherfucker,sexual anatomy / sexual acts,2.8,severe
n0bhead,knob,sexual anatomy / sexual acts,1.6,strong
n0bj0cky,knob,sexual anatomy / sexual acts,2.4,strong
n1ckker,nigger,racial / ethnic slurs,2.8,severe
n1g3r,nigger,racial / ethnic slurs,3,severe
n1g3rz,nigger,racial / ethnic slurs,3,severe
n1gg@,nigger,racial / ethnic slurs,3,severe
n1gg@hs,niggger,racial / ethnic slurs,2.8,severe
n1gg3r,nigger,racial / ethnic slurs,3,severe
n1gg3rs,nigger,racial / ethnic slurs,3,severe
n1gga,nigger,racial / ethnic slurs,2.4,strong
n1ggah,nigger,racial / ethnic slurs,2.8,severe
n1ggahs,niggers,racial / ethnic slurs,3,severe
n1ggas,nigger,racial / ethnic slurs,3,severe
n1ggazes,nigger,racial / ethnic slurs,3,severe
n1gger,nigger,racial / ethnic slurs,3,severe
n1ggers,nigger,racial / ethnic slurs,3,severe
n1gguh,nigger,racial / ethnic slurs,2.8,severe
n3gro,negro,racial / ethnic slurs,2.4,strong
negga,nigger,racial / ethnic slurs,2.8,severe
neggar,nigger,racial / ethnic slurs,2.8,severe
negr0,negro,racial / ethnic slurs,2.8,severe
negro,negro,racial / ethnic slurs,2,strong
negroes,negro,racial / ethnic slurs,2.6,severe
negroid,negro,racial / ethnic slurs,2.6,severe
niccer,nigger,racial / ethnic slurs,2.6,severe
nicka,nigger,racial / ethnic slurs,2.6,severe
nickas,nigger,racial / ethnic slurs,2.8,severe
nicker,nigger,racial / ethnic slurs,3,severe
nickk3r,nigger,racial / ethnic slurs,3,severe
nickker,nigger,racial / ethnic slurs,3,severe
nig,nigger,racial / ethnic slurs,3,severe
nig-nog,nigger,racial / ethnic slurs,2.8,severe
niga,nigger,racial / ethnic slurs,2.6,severe
nigah,nigger,racial / ethnic slurs,2.8,severe
nigasses,nigger,racial / ethnic slurs,3,severe
nigers,nigger,racial / ethnic slurs,3,severe
nigg@,nigger,racial / ethnic slurs,2.8,severe
nigg@hs,nigger,racial / ethnic slurs,2.8,severe
nigg@s,nigger,racial / ethnic slurs,2.8,severe
nigg@z,nigger,racial / ethnic slurs,2.6,severe
nigg@zzes,nigger,racial / ethnic slurs,2.8,severe
nigg3r,nigger,racial / ethnic slurs,3,severe
nigg3rs,nigger,racial / ethnic slurs,3,severe
nigg4h,nigger,racial / ethnic slurs,3,severe
nigg4hs,nigger,racial / ethnic slurs,2.8,severe
nigga,nigger,racial / ethnic slurs,2.8,severe
nigga lover,nigger,racial / ethnic slurs,3,severe
niggah,nigger,racial / ethnic slurs,2.8,severe
niggahs,nigger,racial / ethnic slurs,2.2,strong
niggahz,nigger,racial / ethnic slurs,3,severe
niggas,nigger,racial / ethnic slurs,2.8,severe
niggass,nigger,racial / ethnic slurs,2.6,severe
niggaz,nigger,racial / ethnic slurs,2.2,strong
niggazzes,nigger,racial / ethnic slurs,2.8,severe
nigger,nigger,racial / ethnic slurs,3,severe
nigger lover,nigger,racial / ethnic slurs,3,severe
niggers,nigger,racial / ethnic slurs,3,severe
niggerz,nigger,racial / ethnic slurs,3,severe
niggir,nigger,racial / ethnic slurs,3,severe
niggress,nigger,racial / ethnic slurs,3,severe
nigguh,nigger,racial / ethnic slurs,2.8,severe
nigguhs,nigger,racial / ethnic slurs,3,severe
nigguhz,nigger,racial / ethnic slurs,3,severe
niglet,nigger,racial / ethnic slurs,3,severe
nignigs,nigger,racial / ethnic slurs,3,severe
nignog,nigger,racial / ethnic slurs,2.8,severe
nigra,nigger,racial / ethnic slurs,2.8,severe
nigre,nigger,racial / ethnic slurs,3,severe
nigs,nigger,racial / ethnic slurs,2.8,severe
niguh,nigger,racial / ethnic slurs,2.8,severe
nikk3r,nigger,racial / ethnic slurs,3,severe
nikkas,nigger,racial / ethnic slurs,3,severe
nikker,nigger,racial / ethnic slurs,2.8,severe
nip,nipple,sexual anatomy / sexual acts,2,strong
nob jockey,knob,sexual anatomy / sexual acts,2.2,strong
nob jokeys,knob,sexual anatomy / sexual acts,1.8,strong
nobbyhead,knob,sexual anatomy / sexual acts,1.4,mild
nobhead,knob,sexual anatomy / sexual acts,1.6,strong
nobheads,knob,sexual anatomy / sexual acts,1.4,mild
nobj0key,knob,sexual anatomy / sexual acts,1.8,strong
nobjockies,knob,sexual anatomy / sexual acts,1.8,strong
nobjocky,knob,sexual anatomy / sexual acts,2.4,strong
nobjokey,knob,sexual anatomy / sexual acts,2,strong
nobjokeys,knob,sexual orientation / gender,1.8,strong
nobs,knob,sexual anatomy / sexual acts,1.2,mild
nonce,nonce,other / general insult,1.4,mild
nuckas,nigger,racial / ethnic slurs,2.6,severe
nuggets,nigger,racial / ethnic slurs,1.2,mild
nut butter,nut butter,bodily fluids / excrement,1.4,mild
nutsack,nutsack,sexual anatomy / sexual acts,1.8,strong
nutsacks,nutsack,sexual anatomy / sexual acts,1.6,strong
nympho,nymph,sexual anatomy / sexual acts,1,mild
nymphomaniac,nymph,other / general insult,1.4,mild
octopussy,pussy,sexual anatomy / sexual acts,1.2,mild
oven dodger,oven dodger,racial / ethnic slurs,2,strong
p3n1shead,penis,sexual anatomy / sexual acts,1.8,strong
p3nisfcker,penis,sexual anatomy / sexual acts,3,severe
p3nisfcukers,fuck,sexual anatomy / sexual acts,2.8,severe
p3nisfvcker,penis,sexual anatomy / sexual acts,2.8,severe
p3nisfvckers,penis,sexual anatomy / sexual acts,2.8,severe
pack my fudge,fudge packer,sexual anatomy / sexual acts,2,strong
packerfudgehead,fudge packer,sexual anatomy / sexual acts,2.2,strong
packing fudge,fudge packer,sexual anatomy / sexual acts,2.4,strong
packing fudgehead,fudge packer,bodily fluids / excrement,1.8,strong
packingfudge,fudge packer,sexual anatomy / sexual acts,2.4,strong
packingfudgefucker,fudge packer,sexual anatomy / sexual acts,2.8,severe
packingfudgefucking,fudge packer,sexual anatomy / sexual acts,2.4,strong
packsomefudgefucker,fudge packer,sexual anatomy / sexual acts,2.4,strong
paki,paki,racial / ethnic slurs,2.6,severe
palm jockey,palm jockey,sexual anatomy / sexual acts,1.2,mild
pancake face,pancake face,racial / ethnic slurs,1.6,strong
pecker,pecker,sexual anatomy / sexual acts,1.4,mild
peckerhead,pecker,sexual anatomy / sexual acts,1.6,strong
pedo,pedophile,sexual anatomy / sexual acts,2.2,strong
pedobear,pedophile,sexual orientation / gender,2,strong
pedobears,pedophile,other / general insult,2.2,strong
pedophl,pedophile,sexual anatomy / sexual acts,2.2,strong
pedos,pedophile,other / general insult,2.4,strong
pedoz,pedophile,sexual anatomy / sexual acts,2,strong
peen,penis,sexual anatomy / sexual acts,1,mild
peener,penis,sexual anatomy / sexual acts,1,mild
penisfcker,penis,sexual anatomy / sexual acts,3,severe
penisfuccer,penis,sexual anatomy / sexual acts,2.8,severe
penisfucker,fuck,sexual anatomy / sexual acts,3,severe
penisfuckers,fuck,sexual anatomy / sexual acts,3,severe
penisfvcker,penis,sexual anatomy / sexual acts,3,severe
penisfvckers,penis,sexual anatomy / sexual acts,2.8,severe
penishead,penis,sexual anatomy / sexual acts,1.4,mild
peter,peter puffer,sexual anatomy / sexual acts,1,mild
peter puffer,peter puffer,sexual orientation / gender,1.8,strong
ph@ggots,faggot,sexual orientation / gender,2.8,severe
phaggot,faggot,sexual orientation / gender,2.8,severe
phaggots,faggot,sexual orientation / gender,3,severe
phagot,faggot,sexual orientation / gender,3,severe
phags,faggot,sexual orientation / gender,3,severe
phuc,fuck,sexual anatomy / sexual acts,2,strong
phucc,fuck,sexual anatomy / sexual acts,2,strong
phuccer,fuck,sexual anatomy / sexual acts,2.2,strong
phucchead,fuck,sexual anatomy / sexual acts,2,strong
phuccing,fuck,sexual anatomy / sexual acts,1.8,strong
phuck,fuck,sexual anatomy / sexual acts,2.2,strong
phuck3r,fuck,sexual anatomy / sexual acts,1.8,strong
phucked,fuck,sexual anatomy / sexual acts,2,strong
phucker,fuck,sexual anatomy / sexual acts,2.2,strong
phuckin,fuck,sexual anatomy / sexual acts,2,strong
phucking,fuck,sexual anatomy / sexual acts,2.4,strong
phuckings,fuck,sexual anatomy / sexual acts,2.4,strong
phucks,fuck,sexual anatomy / sexual acts,2,strong
phucup,fuck,sexual anatomy / sexual acts,1.8,strong
phuk,fuck,sexual anatomy / sexual acts,2,strong
phuked,fuck,sexual anatomy / sexual acts,2.2,strong
phukeds,fuck,sexual anatomy / sexual acts,2,strong
phukhead,fuck,sexual anatomy / sexual acts,2.4,strong
phuking,fuck,sexual anatomy / sexual acts,2.2,strong
phukings,fuck,sexual anatomy / sexual acts,2.2,strong
phukk,fuck,sexual anatomy / sexual acts,1.8,strong
phukked,fuck,sexual anatomy / sexual acts,2,strong
phukkeds,fuck,sexual anatomy / sexual acts,2,strong
phukker,fuck,sexual anatomy / sexual acts,2.2,strong
phukking,fuck,sexual anatomy / sexual acts,1.8,strong
phuks,fuck,sexual anatomy / sexual acts,2.2,strong
phukshit,fuck,sexual anatomy / sexual acts,2.2,strong
phuku,fuck,sexual anatomy / sexual acts,2.2,strong
phukup,fuck,sexual anatomy / sexual acts,1.8,strong
phuq,fuck,sexual anatomy / sexual acts,2.2,strong
phuqs,fuck,sexual anatomy / sexual acts,1.8,strong
phvckings,fuck,sexual anatomy / sexual acts,2.2,strong
pig fucker,fuck,sexual anatomy / sexual acts,2.8,severe
pigfucker,fuck,sexual anatomy / sexual acts,2.6,severe
pigfuckers,fuck,sexual anatomy / sexual acts,3,severe
pigfucking,fuck,sexual anatomy / sexual acts,2.6,severe
pigfukker,fuck,sexual anatomy / sexual acts,2.8,severe
piggyfuck,fuck,sexual anatomy / sexual acts,3,severe
pigshit,shit,bodily fluids / excrement,1.4,mild
pillow biter,pillow biter,sexual anatomy / sexual acts,2.4,strong
pillow-biter,pillow biter,sexual orientation / gender,1.6,strong
piss face,piss,bodily fluids / excrement,1.4,mild
piss off fuckhead,fuck,sexual anatomy / sexual acts,3,severe
piss shit,piss,bodily fluids / excrement,1.4,mild
pissoff,piss,bodily fluids / excrement,1.2,mild
pissoffs,piss,bodily fluids / excrement,1.4,mild
pole licker,pole licker,sexual anatomy / sexual acts,2.2,strong
pole smoker,pole smoker,sexual anatomy / sexual acts,2,strong
pole sucker,pole sucker,sexual anatomy / sexual acts,1.8,strong
polesmoker,polesmoker,sexual anatomy / sexual acts,2.2,strong
porch monkey,porch monkey,racial / ethnic slurs,3,severe
prick,prick,sexual anatomy / sexual acts,1,mild
prick-face,prick,sexual anatomy / sexual acts,1.2,mild
prick-gobbler,prick,sexual anatomy / sexual acts,2.2,strong
prick-head,prick,sexual anatomy / sexual acts,1.8,strong
pricks,prick,sexual anatomy / sexual acts,1,mild
pu$sy,pussy,sexual anatomy / sexual acts,1.6,strong
pu55y,pussy,sexual anatomy / sexual acts,1.6,strong
pull the pud,pull the pud,sexual anatomy / sexual acts,1.2,mild
punani,punani,sexual anatomy / sexual acts,1.8,strong
punk ass mofoes,motherfucker,sexual anatomy / sexual acts,2.8,severe
punkasses,ass,other / general insult,1.2,mild
puss,pussy,sexual anatomy / sexual acts,1.4,mild
pusses,pussy,sexual anatomy / sexual acts,1.4,mild
pussie,pussy,sexual anatomy / sexual acts,2,strong
pussies,pussy,sexual anatomy / sexual acts,1,mild
pussless,pussy,sexual anatomy / sexual acts,2,strong
pusslicker,pussy,sexual anatomy / sexual acts,2.2,strong
pussy,pussy,sexual anatomy / sexual acts,1.4,mild
pussy cat,pussy,sexual anatomy / sexual acts,1.4,mild
pussy fucker,fuck,sexual anatomy / sexual acts,2.8,severe
pussy lick,pussy,sexual anatomy / sexual acts,2.4,strong
pussy licker,pussy,sexual anatomy / sexual acts,2.4,strong
pussy licking,pussy,sexual anatomy / sexual acts,2.4,strong
pussylickers,pussy,sexual anatomy / sexual acts,2.8,severe
pussys,pussy,sexual anatomy / sexual acts,2,strong
pussywhipped,pussy,sexual anatomy / sexual acts,1.8,strong
puta,punta,sexual orientation / gender,1.8,strong
puussy,pussy,sexual anatomy / sexual acts,1.4,mild
puzzies,pussy,sexual anatomy / sexual acts,1.4,mild
puzzy,pussy,sexual anatomy / sexual acts,1.2,mild
queerasses,queer,sexual orientation / gender,3,severe
queers,queer,sexual orientation / gender,1.8,strong
r3t@rd,retard,mental disability,2.8,severe
r3t@rded,retarded,mental disability,2.8,severe
r3tard,retard,mental disability,2.6,severe
raghead,raghead,racial / ethnic slurs,3,severe
ragheads,raghead,racial / ethnic slurs,2.6,severe
ragtard,retard,racial / ethnic slurs,3,severe
ramrod,ramrod,sexual anatomy / sexual acts,1,mild
rat bastard,bastard,other / general insult,1.6,strong
rat baztad,bastard,animal references,1.8,strong
reacharound,reacharound,sexual anatomy / sexual acts,1.2,mild
rectum,rectum,sexual anatomy / sexual acts,1,mild
redskin,redskin,racial / ethnic slurs,2.2,strong
retard,retard,mental disability,2.8,severe
retardo,retard,physical disability,2.6,severe
retardotron,retard,mental disability,1.8,strong
rice monkey,monkey,racial / ethnic slurs,3,severe
rim job,rim job,sexual anatomy / sexual acts,2,strong
s_h_i_,shit,bodily fluids / excrement,1.2,mild
s_h_i_s,shit,bodily fluids / excrement,1,mild
s-lut,slut,sexual orientation / gender,1.8,strong
s.o.b.,bitch,other / general insult,1.2,mild
s.o.b.s,bitch,other / general insult,1.6,strong
s/h/i/t,shit,bodily fluids / excrement,1,mild
s&m,sadomasochism,sexual anatomy / sexual acts,1,mild
sack,ballsack,sexual anatomy / sexual acts,1,mild
salad tosser,salad tosser,sexual anatomy / sexual acts,2,strong
sambo,sambo,racial / ethnic slurs,2.2,strong
sand nigger,nigger,racial / ethnic slurs,3,severe
sausage jockey,sausage jockey,sexual anatomy / sexual acts,2.6,severe
scamfuck,fuck,sexual anatomy / sexual acts,2.4,strong
schlong,schlong,sexual anatomy / sexual acts,1,mild
scumfuck,fuck,sexual anatomy / sexual acts,2.8,severe
scumfucker,fuck,sexual anatomy / sexual acts,2.8,severe
scumfvck,fuck,sexual anatomy / sexual acts,2.4,strong
scummy,scum,other / general insult,1.2,mild
scut,scut,other / general insult,1,mild
sh! +,shit,bodily fluids / excrement,1.2,mild
sh!+,shit,bodily fluids / excrement,1,mild
sh1s,shit,bodily fluids / excrement,1,mild
sh1t,shit,bodily fluids / excrement,1.2,mild
sh1t3,shit,bodily fluids / excrement,1,mild
sh1td1ck,shit,bodily fluids / excrement,2,strong
sh1tdick,shit,sexual anatomy / sexual acts,2.4,strong
sh1te,shit,bodily fluids / excrement,1,mild
sh1tfuck,fuck,other / general insult,2.6,severe
sh1th3ad,shit,bodily fluids / excrement,2,strong
sh1theads,shit,bodily fluids / excrement,2,strong
sh1ts,shit,bodily fluids / excrement,1,mild
sh1tsome,shit,bodily fluids / excrement,1.2,mild
sh1tt,shit,bodily fluids / excrement,1,mild
sh1tty,shit,bodily fluids / excrement,1.2,mild
sh3mal3,shemale,sexual orientation / gender,2.6,severe
sh3male,shemale,sexual orientation / gender,2.4,strong
shat,shit,bodily fluids / excrement,1.2,mild
she-male,shemale,sexual orientation / gender,2.8,severe
sheeeet,shit,bodily fluids / excrement,1,mild
sheet,shit,bodily fluids / excrement,1,mild
sheister,shit,racial / ethnic slurs,2,strong
shemal3,shemale,sexual orientation / gender,1.8,strong
shemale,shemale,sexual orientation / gender,2.6,severe
shemales,shemale,sexual orientation / gender,1.8,strong
shet,shit,bodily fluids / excrement,1,mild
shi+,shit,bodily fluids / excrement,1,mild
shi+e,shit,bodily fluids / excrement,1,mild
shi+y,shit,bodily fluids / excrement,1,mild
shiat,shit,bodily fluids / excrement,1,mild
shiddick,shit,sexual anatomy / sexual acts,2,strong
shiester,shiester,racial / ethnic slurs,2,strong
shiesterfuck,fuck,sexual anatomy / sexual acts,2.2,strong
shiesterfuckface,fuck,sexual anatomy / sexual acts,2.8,severe
shiesterfuckhead,fuck,sexual anatomy / sexual acts,2.2,strong
shiesterfucks,fuck,sexual anatomy / sexual acts,2.4,strong
shipdit,shit,bodily fluids / excrement,1.4,mild
shit,shit,bodily fluids / excrement,1.2,mild
shit face,shit,bodily fluids / excrement,1.8,strong
shit for brains,shit,bodily fluids / excrement,1.6,strong
shit fuck,fuck,other / general insult,2.4,strong
shit fucker,fuck,sexual anatomy / sexual acts,2.8,severe
shit head,shit,bodily fluids / excrement,1.8,strong
shit licker,shit,bodily fluids / excrement,2,strong
shit stain,shit,bodily fluids / excrement,1.8,strong
shit-arse,shit,sexual anatomy / sexual acts,1.6,strong
shit-ass,shit,bodily fluids / excrement,2,strong
shit-bandit,shit,bodily fluids / excrement,1.6,strong
shit-fucker,fuck,sexual anatomy / sexual acts,2.6,severe
shit-stuffers,shit,sexual anatomy / sexual acts,1.8,strong
shit3,shit,bodily fluids / excrement,1,mild
shitass,shit,sexual anatomy / sexual acts,2,strong
shitasses,shit,sexual anatomy / sexual acts,2,strong
shitassfucker,fuck,sexual anatomy / sexual acts,2.6,severe
shitassfuckface,fuck,sexual anatomy / sexual acts,2.8,severe
shitbag,shit,bodily fluids / excrement,2,strong
shitbird,shit,bodily fluids / excrement,1.8,strong
shitblimp,shit,bodily fluids / excrement,1.6,strong
shitblimps,shit,bodily fluids / excrement,1.6,strong
shitbrain,shit,bodily fluids / excrement,2,strong
shitd1ck,shit,sexual anatomy / sexual acts,2,strong
shitdick,shit,sexual anatomy / sexual acts,2.4,strong
shitdicks,shit,sexual anatomy / sexual acts,2,strong
shitdikk,shit,bodily fluids / excrement,2,strong
shitdip,shit,bodily fluids / excrement,1.8,strong
shite,shit,bodily fluids / excrement,1,mild
shiteblimps,shit,bodily fluids / excrement,1.8,strong
shited,shit,bodily fluids / excrement,1.2,mild
shitedick,shit,sexual anatomy / sexual acts,2,strong
shitefuck,fuck,sexual anatomy / sexual acts,1.6,strong
shitefulls,shit,bodily fluids / excrement,1.8,strong
shitehead,shit,bodily fluids / excrement,1.8,strong
shites,shit,bodily fluids / excrement,1,mild
shitey,shit,bodily fluids / excrement,1.2,mild
shitface,shit,bodily fluids / excrement,2,strong
shitfaced,shit,bodily fluids / excrement,1.2,mild
shitfacefuck,fuck,sexual anatomy / sexual acts,2.8,severe
shitfacefucker,fuck,sexual anatomy / sexual acts,2.6,severe
shitfck,shit,sexual anatomy / sexual acts,2.4,strong
shitfk,shit,sexual anatomy / sexual acts,1.8,strong
shitfreak,shit,bodily fluids / excrement,2,strong
shitfuck,fuck,sexual anatomy / sexual acts,2.2,strong
shitfucker,fuck,sexual anatomy / sexual acts,2.4,strong
shitfuckhead,fuck,other / general insult,2.6,severe
shitfuckmotherfucker,motherfucker,sexual anatomy / sexual acts,2.8,severe
shitfucks,fuck,sexual anatomy / sexual acts,2.4,strong
shitfudgefucker,fuck,bodily fluids / excrement,2.6,severe
shitfvck,shit,sexual anatomy / sexual acts,2.2,strong
shithead,shit,bodily fluids / excrement,1.8,strong
shitheadfucker,fuck,sexual anatomy / sexual acts,2.8,severe
shitheadfuckface,fuck,sexual anatomy / sexual acts,2.4,strong
shitheads,shit,bodily fluids / excrement,1.8,strong
shithole,shit,sexual anatomy / sexual acts,1.8,strong
shits,shit,bodily fluids / excrement,1,mild
shitsdick,shit,sexual anatomy / sexual acts,1.8,strong
shitsfuck,fuck,sexual anatomy / sexual acts,2.2,strong
shitsful,shit,bodily fluids / excrement,1,mild
shittastic,shit,bodily fluids / excrement,1.2,mild
shittasticfuck,fuck,bodily fluids / excrement,2.2,strong
shitte,shit,bodily fluids / excrement,1,mild
shitted,shit,bodily fluids / excrement,1.2,mild
shitter,shit,bodily fluids / excrement,1,mild
shitterfucker,fuck,sexual anatomy / sexual acts,2.6,severe
shitti,shit,bodily fluids / excrement,1,mild
shitties,shit,bodily fluids / excrement,1,mild
shittiest,shit,bodily fluids / excrement,1.2,mild
shitting,shit,bodily fluids / excrement,1.4,mild
shittings,shit,bodily fluids / excrement,1.2,mild
shitty,shit,bodily fluids / excrement,1,mild
shitty mofoes,shit,bodily fluids / excrement,1.6,strong
shittydick,shit,bodily fluids / excrement,2,strong
shittydicks,shit,sexual anatomy / sexual acts,2,strong
shittyfuck,fuck,sexual anatomy / sexual acts,1.8,strong
shittyfuckface,fuck,sexual anatomy / sexual acts,2.2,strong
shittyful,shit,bodily fluids / excrement,1.6,strong
shlong,shlong,sexual anatomy / sexual acts,1,mild
shmale,shemale,sexual orientation / gender,1.4,mild
shtfuk,shit,other / general insult,1.8,strong
shut the fuck up,fuck,other / general insult,2.2,strong
shylock,shylock,racial / ethnic slurs,1.6,strong
shytfeisterfuck,fuck,sexual anatomy / sexual acts,2.6,severe
sissy,sissy,sexual orientation / gender,1,mild
sixty-nine,69,sexual anatomy / sexual acts,1.2,mild
sk@nks,skank,sexual orientation / gender,1.6,strong
sk@nky,skank,sexual orientation / gender,1,mild
sk@nkz,skank,sexual orientation / gender,1.4,mild
skank,skank,sexual orientation / gender,1.8,strong
skanks,skank,sexual orientation / gender,1.2,mild
skanky,skank,sexual orientation / gender,1.4,mild
skankz,skank,sexual orientation / gender,1.6,strong
sl@nteye,slant eye,racial / ethnic slurs,3,severe
slag,slag,sexual orientation / gender,1.6,strong
slantard,retard,racial / ethnic slurs,2.8,severe
slanteye,slant eye,racial / ethnic slurs,3,severe
slanteye b1tch,bitch,racial / ethnic slurs,2.6,severe
slanteyes,slant eye,racial / ethnic slurs,3,severe
slanteyeshit,shit,bodily fluids / excrement,3,severe
slantfreak,slant eye,racial / ethnic slurs,2.6,severe
slanty,slant eye,racial / ethnic slurs,2.6,severe
slit,slit,sexual orientation / gender,1.6,strong
slut,slut,sexual orientation / gender,2,strong
slut hole,slut,sexual anatomy / sexual acts,2.4,strong
sluts,slut,sexual orientation / gender,1.6,strong
slutty,slut,sexual orientation / gender,1.8,strong
snatch,snatch,sexual anatomy / sexual acts,1,mild
snatch licker,snatch,sexual anatomy / sexual acts,2.8,severe
soab,bitch,other / general insult,1.6,strong
son o bitch,bitch,sexual orientation / gender,1.6,strong
son of a bitch,bitch,other / general insult,1.2,mild
son-of-a-bitch,bitch,sexual orientation / gender,1.2,mild
sonna bitch,bitch,sexual orientation / gender,1.2,mild
sonofabitch,bitch,other / general insult,1.4,mild
sonofbitches,bitch,sexual orientation / gender,1,mild
sons of b1tches,bitch,sexual orientation / gender,1.6,strong
sons of bitches,bitch,other / general insult,1.6,strong
sons-of-bitches,bitch,other / general insult,1.4,mild
sonz of bitchez,bitch,other / general insult,1.8,strong
soppy bollucks,bollocks,sexual anatomy / sexual acts,1.6,strong
spanking,spank,sexual anatomy / sexual acts,1,mild
sperm,sperm,bodily fluids / excrement,1,mild
sphincter,sphincter,sexual anatomy / sexual acts,1,mild
spic,spic,racial / ethnic slurs,3,severe
spicfuck,fuck,sexual anatomy / sexual acts,3,severe
spick,spic,racial / ethnic slurs,2.8,severe
spics,spic,racial / ethnic slurs,2.8,severe
spicshit,spic,bodily fluids / excrement,3,severe
spig,spic,racial / ethnic slurs,2.6,severe
spik,spic,racial / ethnic slurs,3,severe
spix,spic,racial / ethnic slurs,3,severe
spook,spook,racial / ethnic slurs,3,severe
spooks,spook,racial / ethnic slurs,2.6,severe
spunk,spunk,bodily fluids / excrement,1.2,mild
stfu,fuck,sexual anatomy / sexual acts,1.8,strong
stump chewer,stump chewer,sexual anatomy / sexual acts,1.4,mild
stupid fucker,fuck,sexual anatomy / sexual acts,2.4,strong
stupid hoe,hoe,sexual orientation / gender,2.4,strong
stupidasses,ass,sexual anatomy / sexual acts,1,mild
suck,suck,sexual anatomy / sexual acts,1,mild
suck my cock,cock,sexual anatomy / sexual acts,2.2,strong
suck my d,dick,sexual anatomy / sexual acts,1.8,strong
suck my dick,dick,sexual anatomy / sexual acts,2.2,strong
suck off,suck,sexual anatomy / sexual acts,1.8,strong
sum of a bitch,bitch,other / general insult,1.4,mild
sumbitch,bitch,sexual orientation / gender,1.6,strong
swine,swine,animal references,1,mild
swine fucker,fuck,sexual anatomy / sexual acts,2.8,severe
tacohead,tacohead,racial / ethnic slurs,2.4,strong
tadger,tadger,sexual anatomy / sexual acts,1.4,mild
taking the piss,taking the piss,bodily fluids / excrement,1,mild
tallywacker,tallywacker,sexual anatomy / sexual acts,1.2,mild
tar-baby,tar-baby,racial / ethnic slurs,2.6,severe
tard,retard,mental disability,2.8,severe
tard asses,ass,sexual anatomy / sexual acts,3,severe
tart,tart,mental disability,1.2,mild
throat yogurt,throat yogurt,bodily fluids / excrement,1.8,strong
throater,throater,sexual anatomy / sexual acts,2.4,strong
tickle the pickle,tickle the pickle,sexual anatomy / sexual acts,1.2,mild
timber nigger,nigger,racial / ethnic slurs,3,severe
tits,tit,sexual anatomy / sexual acts,1,mild
tongue fucker,fuck,sexual anatomy / sexual acts,2.4,strong
tongue fucking,fuck,sexual anatomy / sexual acts,2.8,severe
tosser,tosser,other / general insult,1.2,mild
tossing salad,tossing salad,sexual anatomy / sexual acts,1.8,strong
towelhead,towelhead,racial / ethnic slurs,3,severe
towelheads,towelhead,racial / ethnic slurs,3,severe
towelshithead,towelhead,racial / ethnic slurs,2.6,severe
tramp,tramp,sexual orientation / gender,1.6,strong
tranny,tranny,sexual orientation / gender,2.8,severe
transvestite,transvestite,sexual orientation / gender,2.4,strong
trashb1tch,bitch,sexual orientation / gender,1.8,strong
trashbitch,bitch,sexual orientation / gender,2,strong
trashbitches,bitch,sexual orientation / gender,1.4,mild
trashbitchez,bitch,sexual orientation / gender,1.2,mild
trashbtch,bitch,sexual orientation / gender,1.4,mild
trasherbitch,bitch,sexual orientation / gender,1.4,mild
trasherbitchs,bitch,sexual orientation / gender,1.2,mild
trashybitches,bitch,sexual orientation / gender,1.8,strong
trouser snake,trouser snake,sexual anatomy / sexual acts,1,mild
trousersnake,trousersnake,sexual anatomy / sexual acts,1.4,mild
turdcutter,turd,other / general insult,1.6,strong
turdhead,turd,bodily fluids / excrement,1.6,strong
tw@t,twat,sexual anatomy / sexual acts,1.8,strong
twa+,twat,sexual anatomy / sexual acts,1.2,mild
twat,twat,sexual anatomy / sexual acts,1.8,strong
twat waffle,twat,sexual anatomy / sexual acts,2,strong
twatface,twat,sexual anatomy / sexual acts,2.4,strong
twats,twat,sexual anatomy / sexual acts,1.6,strong
twatt,twat,sexual anatomy / sexual acts,1.6,strong
twattish,twat,sexual anatomy / sexual acts,1.6,strong
twatzilla,twat,sexual anatomy / sexual acts,2,strong
twink,twink,sexual orientation / gender,1.2,mild
upskirts,upskirt,sexual anatomy / sexual acts,1.4,mild
useless fucker,fuck,sexual anatomy / sexual acts,2.6,severe
vag,vagina,sexual anatomy / sexual acts,1.2,mild
vajayjay,vagina,sexual anatomy / sexual acts,1.2,mild
vulva,vulva,sexual anatomy / sexual acts,1,mild
w@nker,wank,sexual anatomy / sexual acts,1.2,mild
w@nkers,wank,sexual anatomy / sexual acts,1,mild
w4nk3r,wank,sexual anatomy / sexual acts,1.6,strong
w4nker,wank,sexual anatomy / sexual acts,1,mild
wang,wang,sexual anatomy / sexual acts,1.4,mild
wang wrangler,wang,sexual anatomy / sexual acts,2,strong
wank,wank,sexual anatomy / sexual acts,1,mild
wank off,wank,sexual anatomy / sexual acts,1,mild
wank3r,wank,sexual anatomy / sexual acts,1,mild
wank3rs,wank,sexual anatomy / sexual acts,1,mild
wankbastard,wank,sexual anatomy / sexual acts,1.8,strong
wanked,wank,sexual anatomy / sexual acts,1.2,mild
wanker,wank,sexual anatomy / sexual acts,1,mild
wankers,wank,sexual anatomy / sexual acts,1,mild
wankies,wank,sexual anatomy / sexual acts,1.6,strong
wanking,wank,sexual anatomy / sexual acts,1,mild
wanks,wank,sexual anatomy / sexual acts,1,mild
we1back,wetback,racial / ethnic slurs,2.6,severe
weenie,weenie,sexual anatomy / sexual acts,1,mild
weiner,weiner,sexual anatomy / sexual acts,1,mild
wet back,wetback,racial / ethnic slurs,2.8,severe
wetback,wetback,racial / ethnic slurs,3,severe
wetbacks,wetback,racial / ethnic slurs,2.6,severe
wh0r3,whore,sexual orientation / gender,2,strong
wh0re,whore,sexual orientation / gender,2,strong
whack off,whack off,sexual anatomy / sexual acts,1.2,mild
what the fuck,fuck,other / general insult,2.2,strong
whoar,whore,sexual orientation / gender,1.8,strong
whoars,whore,sexual orientation / gender,2,strong
whor3,whore,sexual orientation / gender,1.8,strong
whore,whore,sexual orientation / gender,1.8,strong
whores,whore,sexual orientation / gender,2,strong
wigger,nigger,racial / ethnic slurs,2.6,severe
willy-whacker,willy-whacker,sexual anatomy / sexual acts,1.8,strong
window licker,window licker,mental disability,1.8,strong
wise ass,ass,sexual anatomy / sexual acts,1,mild
wnker,wank,sexual anatomy / sexual acts,1,mild
wop,wop,racial / ethnic slurs,2.4,strong
wophead,wop,racial / ethnic slurs,2.2,strong
zip in the wire,zipperhead,racial / ethnic slurs,1.4,mild
zipperhead,zipperhead,racial / ethnic slurs,2.4,strong